motion_regime,trial,num_poses,translation_sigma_mm,rotation_sigma_deg_input,method,success,catastrophic,runtime_ms,error_message,quality,recommendation,num_relative_motions,max_relative_rotation_deg,mean_relative_rotation_deg,translation_baseline_mm,rotation_axis_diversity_ratio,rotation_design_rank,expected_rotation_design_rank,smallest_informative_singular_value,translation_error_mm,rotation_error_deg,mean_target_error_mm,max_target_error_mm,mean_target_rotation_error_deg,max_target_rotation_error_deg
diverse,0,25,0.5,0.25,TSAI,True,False,8.490291999805777,,GOOD,Motion has broad multi-axis rotational excitation; proceed with solver comparison and residual validation.,24,168.43318503386644,91.36341474746418,882.0260386757817,0.7544857271592612,8,8,5.2316296434842755,0.31201275945399204,0.007876518283771703,0.3384187304242387,0.3914664528545237,0.007876518283771226,0.007876518283773806
diverse,0,25,0.5,0.25,PARK,True,False,8.852447999743163,,GOOD,Motion has broad multi-axis rotational excitation; proceed with solver comparison and residual validation.,24,168.43318503386644,91.36341474746418,882.0260386757817,0.7544857271592612,8,8,5.2316296434842755,0.3034152936243711,0.03376191730592641,0.41374349601624805,0.5840760939377545,0.03376191730592504,0.03376191730593358
diverse,0,25,0.5,0.25,HORAUD,True,False,9.103668000534526,,GOOD,Motion has broad multi-axis rotational excitation; proceed with solver comparison and residual validation.,24,168.43318503386644,91.36341474746418,882.0260386757817,0.7544857271592612,8,8,5.2316296434842755,0.3090399530247281,0.02747045307649353,0.39481030533889566,0.5352785081562765,0.027470453076493116,0.02747045307649929
diverse,0,25,0.5,0.25,ANDREFF,True,False,9.274145999370376,,GOOD,Motion has broad multi-axis rotational excitation; proceed with solver comparison and residual validation.,24,168.43318503386644,91.36341474746418,882.0260386757817,0.7544857271592612,8,8,5.2316296434842755,0.26022760956158464,0.022489143106352413,0.3296349675739516,0.43519352100097647,0.022489143106351372,0.022489143106355584
diverse,0,25,0.5,0.25,DANIILIDIS,True,False,11.832725999738614,,GOOD,Motion has broad multi-axis rotational excitation; proceed with solver comparison and residual validation.,24,168.43318503386644,91.36341474746418,882.0260386757817,0.7544857271592612,8,8,5.2316296434842755,0.3005124591158739,0.022102200823114652,0.3642109403827151,0.46934110611142676,0.022102200823115984,0.02210220082311935
diverse,1,25,0.5,0.25,TSAI,True,False,8.838722999826132,,GOOD,Motion has broad multi-axis rotational excitation; proceed with solver comparison and residual validation.,24,172.12899733852106,93.60439537367999,849.3822976263567,0.5769396921683805,8,8,4.926470885295768,0.2755972523215139,0.06187016258464503,0.39547165733471956,0.6825188790015538,0.06187016258464623,0.06187016258464958
diverse,1,25,0.5,0.25,PARK,True,False,10.126688000127615,,GOOD,Motion has broad multi-axis rotational excitation; proceed with solver comparison and residual validation.,24,172.12899733852106,93.60439537367999,849.3822976263567,0.5769396921683805,8,8,4.926470885295768,0.23469940839054465,0.07393317131744603,0.4762855378218705,0.8108277560920513,0.07393317131744578,0.07393317131744961
diverse,1,25,0.5,0.25,HORAUD,True,False,9.014782000122068,,GOOD,Motion has broad multi-axis rotational excitation; proceed with solver comparison and residual validation.,24,172.12899733852106,93.60439537367999,849.3822976263567,0.5769396921683805,8,8,4.926470885295768,0.24119828531836737,0.07136228346002897,0.460286040101337,0.7862639534534815,0.07136228346003037,0.07136228346003463
diverse,1,25,0.5,0.25,ANDREFF,True,False,10.395260999757738,,GOOD,Motion has broad multi-axis rotational excitation; proceed with solver comparison and residual validation.,24,172.12899733852106,93.60439537367999,849.3822976263567,0.5769396921683805,8,8,4.926470885295768,0.3421345573348479,0.06681797559298158,0.4162029666553472,0.7629342821827062,0.06681797559298194,0.06681797559298737
diverse,1,25,0.5,0.25,DANIILIDIS,True,False,9.706804999950691,,GOOD,Motion has broad multi-axis rotational excitation; proceed with solver comparison and residual validation.,24,172.12899733852106,93.60439537367999,849.3822976263567,0.5769396921683805,8,8,4.926470885295768,0.1254618012076055,0.06749177548501537,0.4415002352885415,0.7036478754973021,0.06749177548501517,0.06749177548501918
diverse,2,25,0.5,0.25,TSAI,True,False,8.827261999613256,,GOOD,Motion has broad multi-axis rotational excitation; proceed with solver comparison and residual validation.,24,151.7231164659421,88.55988609179754,876.1263975020677,0.702615359967064,8,8,4.989883729246937,0.11810715176434344,0.09196815320757304,0.46363512333975576,0.8545888158675342,0.09196815320757153,0.09196815320757788
diverse,2,25,0.5,0.25,PARK,True,False,10.343464000470703,,GOOD,Motion has broad multi-axis rotational excitation; proceed with solver comparison and residual validation.,24,151.7231164659421,88.55988609179754,876.1263975020677,0.702615359967064,8,8,4.989883729246937,0.2570358498137762,0.09252785642106817,0.5252270132660452,0.949868888345402,0.0925278564210657,0.09252785642107035
diverse,2,25,0.5,0.25,HORAUD,True,False,9.262884999770904,,GOOD,Motion has broad multi-axis rotational excitation; proceed with solver comparison and residual validation.,24,151.7231164659421,88.55988609179754,876.1263975020677,0.702615359967064,8,8,4.989883729246937,0.2537132008245064,0.09078675164224569,0.5187910685781423,0.9392240738140761,0.09078675164224492,0.09078675164224925
diverse,2,25,0.5,0.25,ANDREFF,True,False,10.487953999472666,,GOOD,Motion has broad multi-axis rotational excitation; proceed with solver comparison and residual validation.,24,151.7231164659421,88.55988609179754,876.1263975020677,0.702615359967064,8,8,4.989883729246937,0.27942382337378147,0.08896562909891556,0.5247132760686832,1.0161344117039992,0.08896562909891402,0.0889656290989199
diverse,2,25,0.5,0.25,DANIILIDIS,True,False,9.600886000043829,,GOOD,Motion has broad multi-axis rotational excitation; proceed with solver comparison and residual validation.,24,151.7231164659421,88.55988609179754,876.1263975020677,0.702615359967064,8,8,4.989883729246937,0.2169107094665115,0.088468987019976,0.4847136524000464,0.8479587301555916,0.08846898701997555,0.08846898701997906
diverse,3,25,0.5,0.25,TSAI,True,False,9.602028000699647,,GOOD,Motion has broad multi-axis rotational excitation; proceed with solver comparison and residual validation.,24,175.33341863321633,94.61535071319571,765.4209860418621,0.5890342902189717,8,8,4.94711024428305,0.3219157503675954,0.042502749650638376,0.39560446163020097,0.7405993813164411,0.04250274965063859,0.04250274965064231
diverse,3,25,0.5,0.25,PARK,True,False,9.68395200015948,,GOOD,Motion has broad multi-axis rotational excitation; proceed with solver comparison and residual validation.,24,175.33341863321633,94.61535071319571,765.4209860418621,0.5890342902189717,8,8,4.94711024428305,0.2653550858855914,0.03999977976739094,0.3620812125454302,0.7724795305664551,0.03999977976739224,0.03999977976739684
diverse,3,25,0.5,0.25,HORAUD,True,False,12.644733000342967,,GOOD,Motion has broad multi-axis rotational excitation; proceed with solver comparison and residual validation.,24,175.33341863321633,94.61535071319571,765.4209860418621,0.5890342902189717,8,8,4.94711024428305,0.26619762881552145,0.037888750940041786,0.35124717368995306,0.7501165580510226,0.037888750940042466,0.037888750940047775
diverse,3,25,0.5,0.25,ANDREFF,True,False,14.842088000477816,,GOOD,Motion has broad multi-axis rotational excitation; proceed with solver comparison and residual validation.,24,175.33341863321633,94.61535071319571,765.4209860418621,0.5890342902189717,8,8,4.94711024428305,0.37025410693323485,0.041374246480863804,0.4720226773472537,0.868709008993297,0.041374246480865254,0.04137424648086906
diverse,3,25,0.5,0.25,DANIILIDIS,True,False,13.68216199989547,,GOOD,Motion has broad multi-axis rotational excitation; proceed with solver comparison and residual validation.,24,175.33341863321633,94.61535071319571,765.4209860418621,0.5890342902189717,8,8,4.94711024428305,0.24352431978041778,0.04073024862893768,0.3420568098887533,0.7203392205090844,0.04073024862893787,0.040730248628944275
diverse,4,25,0.5,0.25,TSAI,True,False,11.833608000415552,,GOOD,Motion has broad multi-axis rotational excitation; proceed with solver comparison and residual validation.,24,178.88706540875995,104.81516550350494,788.0001636640603,0.6823973891626955,8,8,5.333105420917882,0.22363810906494913,0.04316365026620732,0.3594159284551714,0.6943139328323273,0.04316365026620806,0.04316365026621248
diverse,4,25,0.5,0.25,PARK,True,False,12.843634999626374,,GOOD,Motion has broad multi-axis rotational excitation; proceed with solver comparison and residual validation.,24,178.88706540875995,104.81516550350494,788.0001636640603,0.6823973891626955,8,8,5.333105420917882,0.26685158221761235,0.0333135466825024,0.3576125909358324,0.641617499520879,0.03331354668250328,0.033313546682508306
diverse,4,25,0.5,0.25,HORAUD,True,False,10.194956999839633,,GOOD,Motion has broad multi-axis rotational excitation; proceed with solver comparison and residual validation.,24,178.88706540875995,104.81516550350494,788.0001636640603,0.6823973891626955,8,8,5.333105420917882,0.265965889434808,0.033785982138111126,0.3582827581978665,0.6457149378742241,0.033785982138111084,0.03378598213811495
diverse,4,25,0.5,0.25,ANDREFF,True,False,10.184777000176837,,GOOD,Motion has broad multi-axis rotational excitation; proceed with solver comparison and residual validation.,24,178.88706540875995,104.81516550350494,788.0001636640603,0.6823973891626955,8,8,5.333105420917882,0.2637431921763822,0.03564362387759387,0.36548421007576964,0.6652722375652927,0.035643623877594,0.035643623877597494
diverse,4,25,0.5,0.25,DANIILIDIS,True,False,9.701134000351885,,GOOD,Motion has broad multi-axis rotational excitation; proceed with solver comparison and residual validation.,24,178.88706540875995,104.81516550350494,788.0001636640603,0.6823973891626955,8,8,5.333105420917882,0.23601201439434819,0.03559418949786214,0.3426371951158563,0.636693030167687,0.03559418949786241,0.03559418949786594
diverse,5,25,0.5,0.25,TSAI,True,False,10.521987000174704,,GOOD,Motion has broad multi-axis rotational excitation; proceed with solver comparison and residual validation.,24,163.06440373549188,91.15784003084178,793.6453739245397,0.538033049612147,8,8,4.662671997184417,0.1780856113571104,0.004644526613530347,0.18985356936461364,0.2100331479866411,0.004644526613529667,0.004644526613536547
diverse,5,25,0.5,0.25,PARK,True,False,10.014909999881638,,GOOD,Motion has broad multi-axis rotational excitation; proceed with solver comparison and residual validation.,24,163.06440373549188,91.15784003084178,793.6453739245397,0.538033049612147,8,8,4.662671997184417,0.18233018855413594,0.019950539828319652,0.23858124841822145,0.3551528332113589,0.019950539828320915,0.01995053982832665
diverse,5,25,0.5,0.25,HORAUD,True,False,9.47341899973253,,GOOD,Motion has broad multi-axis rotational excitation; proceed with solver comparison and residual validation.,24,163.06440373549188,91.15784003084178,793.6453739245397,0.538033049612147,8,8,4.662671997184417,0.17804642872410645,0.015941631799172244,0.2214890715651956,0.31246929338244944,0.01594163179917155,0.015941631799175498
diverse,5,25,0.5,0.25,ANDREFF,True,False,10.599031000310788,,GOOD,Motion has broad multi-axis rotational excitation; proceed with solver comparison and residual validation.,24,163.06440373549188,91.15784003084178,793.6453739245397,0.538033049612147,8,8,4.662671997184417,0.16342546714078893,0.015130733186799855,0.20337837436859088,0.2846589988883537,0.015130733186800307,0.015130733186804173
diverse,5,25,0.5,0.25,DANIILIDIS,True,False,9.321886000179802,,GOOD,Motion has broad multi-axis rotational excitation; proceed with solver comparison and residual validation.,24,163.06440373549188,91.15784003084178,793.6453739245397,0.538033049612147,8,8,4.662671997184417,0.9949872139349563,0.19099491641322425,1.378660703085246,2.2444429501879366,0.19099491641322433,0.19099491641322733
diverse,6,25,0.5,0.25,TSAI,True,False,8.783168999798363,,GOOD,Motion has broad multi-axis rotational excitation; proceed with solver comparison and residual validation.,24,179.90215979328016,99.06056699763165,875.1506082496563,0.3563773595988891,8,8,4.493860949188431,0.25643719012100097,0.07821102996025918,0.45163406177798243,0.7181083720531367,0.07821102996025925,0.07821102996026398
diverse,6,25,0.5,0.25,PARK,True,False,9.926363999511523,,GOOD,Motion has broad multi-axis rotational excitation; proceed with solver comparison and residual validation.,24,179.90215979328016,99.06056699763165,875.1506082496563,0.3563773595988891,8,8,4.493860949188431,0.1875460838182504,0.07971815048426029,0.5186728503215986,0.8167310970358473,0.07971815048426018,0.0797181504842636
diverse,6,25,0.5,0.25,HORAUD,True,False,8.88525899972592,,GOOD,Motion has broad multi-axis rotational excitation; proceed with solver comparison and residual validation.,24,179.90215979328016,99.06056699763165,875.1506082496563,0.3563773595988891,8,8,4.493860949188431,0.18137365840834518,0.07626909152231597,0.4938002382078581,0.7738632672184522,0.07626909152231562,0.07626909152232111
diverse,6,25,0.5,0.25,ANDREFF,True,False,10.610702999656496,,GOOD,Motion has broad multi-axis rotational excitation; proceed with solver comparison and residual validation.,24,179.90215979328016,99.06056699763165,875.1506082496563,0.3563773595988891,8,8,4.493860949188431,0.17058347032816315,0.07594841887396223,0.4814175684171703,0.7470569125420142,0.07594841887396152,0.07594841887396735
diverse,6,25,0.5,0.25,DANIILIDIS,True,False,10.187020999183005,,GOOD,Motion has broad multi-axis rotational excitation; proceed with solver comparison and residual validation.,24,179.90215979328016,99.06056699763165,875.1506082496563,0.3563773595988891,8,8,4.493860949188431,0.2511915160721371,0.07526599660582768,0.48278441376699394,0.7146253321714466,0.07526599660582745,0.07526599660583216
diverse,7,25,0.5,0.25,TSAI,True,False,9.48258500011434,,GOOD,Motion has broad multi-axis rotational excitation; proceed with solver comparison and residual validation.,24,176.4692427697502,66.3942956922126,744.7610410757255,0.4687553932550901,8,8,3.544568785328892,0.2947644844787181,0.12433527006409781,0.7900335637770295,1.3080872068036227,0.12433527006409859,0.12433527006410376
diverse,7,25,0.5,0.25,PARK,True,False,9.902660000079777,,GOOD,Motion has broad multi-axis rotational excitation; proceed with solver comparison and residual validation.,24,176.4692427697502,66.3942956922126,744.7610410757255,0.4687553932550901,8,8,3.544568785328892,0.26658407346274043,0.128679236403524,0.7506496916548653,1.3327277552723373,0.12867923640352555,0.1286792364035317
diverse,7,25,0.5,0.25,HORAUD,True,False,9.347272999548295,,GOOD,Motion has broad multi-axis rotational excitation; proceed with solver comparison and residual validation.,24,176.4692427697502,66.3942956922126,744.7610410757255,0.4687553932550901,8,8,3.544568785328892,0.2667447744206873,0.12415640411774904,0.7366997884369609,1.2905430314148996,0.1241564041177488,0.12415640411775244
diverse,7,25,0.5,0.25,ANDREFF,True,False,10.026100999311893,,GOOD,Motion has broad multi-axis rotational excitation; proceed with solver comparison and residual validation.,24,176.4692427697502,66.3942956922126,744.7610410757255,0.4687553932550901,8,8,3.544568785328892,0.27925022678568184,0.1207576773571217,0.7244857504441242,1.269379743307978,0.1207576773571219,0.12075767735712709
diverse,7,25,0.5,0.25,DANIILIDIS,True,False,9.680335000666673,,GOOD,Motion has broad multi-axis rotational excitation; proceed with solver comparison and residual validation.,24,176.4692427697502,66.3942956922126,744.7610410757255,0.4687553932550901,8,8,3.544568785328892,0.28310670273176103,0.1203070722058876,0.6672049892201498,1.2766824839531081,0.12030707220588788,0.12030707220589193
diverse,8,25,0.5,0.25,TSAI,True,False,9.072539000044344,,GOOD,Motion has broad multi-axis rotational excitation; proceed with solver comparison and residual validation.,24,141.01413416655151,78.89732854173205,844.3448342827825,0.6498896778801546,8,8,4.477335397896137,0.23650938232595267,0.1026523640437812,0.6579823524276941,1.2641980242417907,0.10265236404378152,0.10265236404378499
diverse,8,25,0.5,0.25,PARK,True,False,9.344017000330496,,GOOD,Motion has broad multi-axis rotational excitation; proceed with solver comparison and residual validation.,24,141.01413416655151,78.89732854173205,844.3448342827825,0.6498896778801546,8,8,4.477335397896137,0.25767547068999236,0.08637402439928346,0.5907904811097743,1.1520443656780952,0.08637402439928417,0.0863740243992883
diverse,8,25,0.5,0.25,HORAUD,True,False,9.189979000439052,,GOOD,Motion has broad multi-axis rotational excitation; proceed with solver comparison and residual validation.,24,141.01413416655151,78.89732854173205,844.3448342827825,0.6498896778801546,8,8,4.477335397896137,0.25321979505637315,0.0894246423299764,0.6021996400013925,1.1662749005976258,0.08942464232997809,0.08942464232998122
diverse,8,25,0.5,0.25,ANDREFF,True,False,10.035498999968695,,GOOD,Motion has broad multi-axis rotational excitation; proceed with solver comparison and residual validation.,24,141.01413416655151,78.89732854173205,844.3448342827825,0.6498896778801546,8,8,4.477335397896137,0.36671488612883507,0.08669228660690587,0.6907746819893132,1.248334106819219,0.08669228660690641,0.08669228660691056
diverse,8,25,0.5,0.25,DANIILIDIS,True,False,9.55344799967861,,GOOD,Motion has broad multi-axis rotational excitation; proceed with solver comparison and residual validation.,24,141.01413416655151,78.89732854173205,844.3448342827825,0.6498896778801546,8,8,4.477335397896137,0.23553335411141033,0.08706070927460298,0.5808669506760745,1.1277768595517899,0.08706070927460346,0.08706070927460735
diverse,9,25,0.5,0.25,TSAI,True,False,9.133343000030436,,GOOD,Motion has broad multi-axis rotational excitation; proceed with solver comparison and residual validation.,24,166.21021720606078,102.6822000844183,796.3375665244116,0.4318798128995268,8,8,5.357969754808243,0.21301416175222182,0.045184642800644104,0.36982208424997515,0.6964819451923403,0.0451846428006451,0.04518464280064831
diverse,9,25,0.5,0.25,PARK,True,False,9.703789000013785,,GOOD,Motion has broad multi-axis rotational excitation; proceed with solver comparison and residual validation.,24,166.21021720606078,102.6822000844183,796.3375665244116,0.4318798128995268,8,8,5.357969754808243,0.29585920778400704,0.047002113224841824,0.4610134640968395,0.7650531320162444,0.04700211322484188,0.047002113224845786
diverse,9,25,0.5,0.25,HORAUD,True,False,9.511369000392733,,GOOD,Motion has broad multi-axis rotational excitation; proceed with solver comparison and residual validation.,24,166.21021720606078,102.6822000844183,796.3375665244116,0.4318798128995268,8,8,5.357969754808243,0.2957086973911516,0.04578989736604965,0.4559901449534205,0.7558931242973854,0.0457898973660499,0.04578989736605374
diverse,9,25,0.5,0.25,ANDREFF,True,False,10.507298999982595,,GOOD,Motion has broad multi-axis rotational excitation; proceed with solver comparison and residual validation.,24,166.21021720606078,102.6822000844183,796.3375665244116,0.4318798128995268,8,8,5.357969754808243,0.3843958347132869,0.047035072018072034,0.5376803848269435,0.870899867459286,0.047035072018072534,0.047035072018075365
diverse,9,25,0.5,0.25,DANIILIDIS,True,False,9.330591999969329,,GOOD,Motion has broad multi-axis rotational excitation; proceed with solver comparison and residual validation.,24,166.21021720606078,102.6822000844183,796.3375665244116,0.4318798128995268,8,8,5.357969754808243,0.21601020354665548,0.04491677391176781,0.38348631365833924,0.659891662089328,0.04491677391176876,0.04491677391177198
single_axis,0,25,0.5,0.25,TSAI,True,True,8.722817000489158,,POOR,Add large rotations about at least two additional axes; the current motion does not uniquely constrain rotation.,24,172.31023864135344,86.11179307525522,841.8866802660024,0.0,6,8,6.729533570352893,125.52092977959032,27.87866285572711,228.185264062519,322.9332258696106,27.878662855727114,27.87866285572712
single_axis,0,25,0.5,0.25,PARK,False,False,2.417685999716923,ValueError: invalid SE(3): rotation not orthonormal; rotation determinant not +1,POOR,Add large rotations about at least two additional axes; the current motion does not uniquely constrain rotation.,24,172.31023864135344,86.11179307525522,841.8866802660024,0.0,6,8,6.729533570352893,,,,,,
single_axis,0,25,0.5,0.25,HORAUD,True,True,9.021353999742132,,POOR,Add large rotations about at least two additional axes; the current motion does not uniquely constrain rotation.,24,172.31023864135344,86.11179307525522,841.8866802660024,0.0,6,8,6.729533570352893,169.52198935777997,151.24342194659062,742.4219663870787,1132.120953386747,151.24342194659062,151.24342194659062
single_axis,0,25,0.5,0.25,ANDREFF,True,True,10.12251100019057,,POOR,Add large rotations about at least two additional axes; the current motion does not uniquely constrain rotation.,24,172.31023864135344,86.11179307525522,841.8866802660024,0.0,6,8,6.729533570352893,110.00006040721368,0.04789408989014745,110.04841605136768,110.35905289495894,0.047894089890146894,0.04789408989014875
single_axis,0,25,0.5,0.25,DANIILIDIS,True,True,9.508714999356016,,POOR,Add large rotations about at least two additional axes; the current motion does not uniquely constrain rotation.,24,172.31023864135344,86.11179307525522,841.8866802660024,0.0,6,8,6.729533570352893,9180.772282912507,0.4599775790775671,9180.743586728726,9181.08870381488,0.4599775790775661,0.459977579077571
single_axis,1,25,0.5,0.25,TSAI,True,True,8.720101000108116,,POOR,Add large rotations about at least two additional axes; the current motion does not uniquely constrain rotation.,24,171.1135028947169,84.28068264817048,870.1274283286933,0.0,6,8,6.590450770761828,114.087152514855,27.526156816064987,204.21998468437465,296.5918651405244,27.526156816064987,27.526156816064994
single_axis,1,25,0.5,0.25,PARK,False,False,2.523645000110264,ValueError: invalid SE(3): rotation not orthonormal; rotation determinant not +1,POOR,Add large rotations about at least two additional axes; the current motion does not uniquely constrain rotation.,24,171.1135028947169,84.28068264817048,870.1274283286933,0.0,6,8,6.590450770761828,,,,,,
single_axis,1,25,0.5,0.25,HORAUD,True,True,9.142379999502737,,POOR,Add large rotations about at least two additional axes; the current motion does not uniquely constrain rotation.,24,171.1135028947169,84.28068264817048,870.1274283286933,0.0,6,8,6.590450770761828,133.117946467788,81.33949279457825,475.42975336935126,765.788311110522,81.33949279457823,81.33949279457825
single_axis,1,25,0.5,0.25,ANDREFF,True,True,10.45070400050463,,POOR,Add large rotations about at least two additional axes; the current motion does not uniquely constrain rotation.,24,171.1135028947169,84.28068264817048,870.1274283286933,0.0,6,8,6.590450770761828,110.00006994276038,0.03379871567772739,109.99674192942932,110.08195049652639,0.033798715677728346,0.03379871567773145
single_axis,1,25,0.5,0.25,DANIILIDIS,True,True,9.660288000304718,,POOR,Add large rotations about at least two additional axes; the current motion does not uniquely constrain rotation.,24,171.1135028947169,84.28068264817048,870.1274283286933,0.0,6,8,6.590450770761828,109.68192666957539,2.6903942397979166,111.01954978449069,113.09454044799047,2.6903942397979166,2.69039423979792
single_axis,2,25,0.5,0.25,TSAI,True,True,9.322355999756837,,POOR,Add large rotations about at least two additional axes; the current motion does not uniquely constrain rotation.,24,175.73427666323775,85.64412908941809,784.3646297930934,0.0,6,8,6.568708643782611,115.36803899190426,27.50039000166878,206.64669432296463,336.87383711490565,27.50039000166878,27.500390001668787
single_axis,2,25,0.5,0.25,PARK,False,False,2.576863999820489,ValueError: invalid SE(3): rotation not orthonormal; rotation determinant not +1,POOR,Add large rotations about at least two additional axes; the current motion does not uniquely constrain rotation.,24,175.73427666323775,85.64412908941809,784.3646297930934,0.0,6,8,6.568708643782611,,,,,,
single_axis,2,25,0.5,0.25,HORAUD,True,True,8.857909000653308,,POOR,Add large rotations about at least two additional axes; the current motion does not uniquely constrain rotation.,24,175.73427666323775,85.64412908941809,784.3646297930934,0.0,6,8,6.568708643782611,113.35855030678637,28.760472932539784,210.7039438565951,343.0757177555767,28.760472932539784,28.76047293253979
single_axis,2,25,0.5,0.25,ANDREFF,True,True,10.950808000416146,,POOR,Add large rotations about at least two additional axes; the current motion does not uniquely constrain rotation.,24,175.73427666323775,85.64412908941809,784.3646297930934,0.0,6,8,6.568708643782611,110.00025848302778,0.0906863802164919,109.98880956457708,110.64141735052027,0.09068638021649168,0.09068638021649363
single_axis,2,25,0.5,0.25,DANIILIDIS,True,True,10.646250000718283,,POOR,Add large rotations about at least two additional axes; the current motion does not uniquely constrain rotation.,24,175.73427666323775,85.64412908941809,784.3646297930934,0.0,6,8,6.568708643782611,56824.0349076837,7.362587705772813,56825.07075927882,56830.130621556615,7.362587705772816,7.362587705772821
single_axis,3,25,0.5,0.25,TSAI,True,True,9.235062999323418,,POOR,Add large rotations about at least two additional axes; the current motion does not uniquely constrain rotation.,24,141.4955968691613,70.56811967175032,843.5749186677102,0.0,6,8,5.900288621475708,110.83524870958924,28.117104517423286,221.50678372308676,289.2713673080008,28.117104517423286,28.117104517423293
single_axis,3,25,0.5,0.25,PARK,False,False,2.510139000150957,ValueError: invalid SE(3): rotation not orthonormal; rotation determinant not +1,POOR,Add large rotations about at least two additional axes; the current motion does not uniquely constrain rotation.,24,141.4955968691613,70.56811967175032,843.5749186677102,0.0,6,8,5.900288621475708,,,,,,
single_axis,3,25,0.5,0.25,HORAUD,True,True,9.134456000538194,,POOR,Add large rotations about at least two additional axes; the current motion does not uniquely constrain rotation.,24,141.4955968691613,70.56811967175032,843.5749186677102,0.0,6,8,5.900288621475708,126.16584679355411,151.2393171676593,763.1514298636062,1094.8330866562385,151.2393171676593,151.2393171676593
single_axis,3,25,0.5,0.25,ANDREFF,True,True,10.340388000258827,,POOR,Add large rotations about at least two additional axes; the current motion does not uniquely constrain rotation.,24,141.4955968691613,70.56811967175032,843.5749186677102,0.0,6,8,5.900288621475708,110.00013745524862,0.057177681759115195,110.0295754866776,110.36502574735869,0.05717768175911399,0.05717768175911744
single_axis,3,25,0.5,0.25,DANIILIDIS,True,True,9.614892000172404,,POOR,Add large rotations about at least two additional axes; the current motion does not uniquely constrain rotation.,24,141.4955968691613,70.56811967175032,843.5749186677102,0.0,6,8,5.900288621475708,9076.743539461328,0.16857220974513834,9076.849120148789,9077.268225260053,0.1685722097451399,0.16857220974514509
single_axis,4,25,0.5,0.25,TSAI,True,True,9.231164999619068,,POOR,Add large rotations about at least two additional axes; the current motion does not uniquely constrain rotation.,24,177.18580469366702,79.29153987451855,805.2085577476527,0.0,6,8,6.352645854804794,114.783106235251,29.175347430398304,215.8002331258134,301.70150706023253,29.17534743039831,29.175347430398322
single_axis,4,25,0.5,0.25,PARK,False,False,2.579660000264994,ValueError: invalid SE(3): rotation not orthonormal; rotation determinant not +1,POOR,Add large rotations about at least two additional axes; the current motion does not uniquely constrain rotation.,24,177.18580469366702,79.29153987451855,805.2085577476527,0.0,6,8,6.352645854804794,,,,,,
single_axis,4,25,0.5,0.25,HORAUD,True,True,8.97251199967286,,POOR,Add large rotations about at least two additional axes; the current motion does not uniquely constrain rotation.,24,177.18580469366702,79.29153987451855,805.2085577476527,0.0,6,8,6.352645854804794,120.68908630543046,61.24067009763065,386.4591096443297,589.5548356040516,61.24067009763066,61.24067009763068
single_axis,4,25,0.5,0.25,ANDREFF,True,True,10.946610999781115,,POOR,Add large rotations about at least two additional axes; the current motion does not uniquely constrain rotation.,24,177.18580469366702,79.29153987451855,805.2085577476527,0.0,6,8,6.352645854804794,110.00002214392346,0.041614880190444126,110.02840998013625,110.36853935810984,0.041614880190444285,0.041614880190445874
single_axis,4,25,0.5,0.25,DANIILIDIS,True,True,9.844342000178585,,POOR,Add large rotations about at least two additional axes; the current motion does not uniquely constrain rotation.,24,177.18580469366702,79.29153987451855,805.2085577476527,0.0,6,8,6.352645854804794,16600.221438086817,0.733593080456893,16600.22031724444,16600.35041537189,0.7335930804568922,0.7335930804568962
single_axis,5,25,0.5,0.25,TSAI,True,True,9.327855999799795,,POOR,Add large rotations about at least two additional axes; the current motion does not uniquely constrain rotation.,24,172.54943795663308,71.70051359262715,820.3559528323165,0.0,6,8,6.086435935342062,113.51000154697883,29.20636272099795,212.12016720437865,293.77842792626643,29.206362720997948,29.206362720997955
single_axis,5,25,0.5,0.25,PARK,False,False,2.714420999836875,ValueError: invalid SE(3): rotation not orthonormal; rotation determinant not +1,POOR,Add large rotations about at least two additional axes; the current motion does not uniquely constrain rotation.,24,172.54943795663308,71.70051359262715,820.3559528323165,0.0,6,8,6.086435935342062,,,,,,
single_axis,5,25,0.5,0.25,HORAUD,True,True,9.204205000060028,,POOR,Add large rotations about at least two additional axes; the current motion does not uniquely constrain rotation.,24,172.54943795663308,71.70051359262715,820.3559528323165,0.0,6,8,6.086435935342062,172.89359309511758,151.24344026179813,678.617501991052,1083.566571522913,151.2434402617981,151.24344026179813
single_axis,5,25,0.5,0.25,ANDREFF,True,True,11.488272999486071,,POOR,Add large rotations about at least two additional axes; the current motion does not uniquely constrain rotation.,24,172.54943795663308,71.70051359262715,820.3559528323165,0.0,6,8,6.086435935342062,110.00005498265546,0.01863064569052183,110.00539965033802,110.08634650861802,0.018630645690522793,0.01863064569052545
single_axis,5,25,0.5,0.25,DANIILIDIS,True,True,9.868857000583375,,POOR,Add large rotations about at least two additional axes; the current motion does not uniquely constrain rotation.,24,172.54943795663308,71.70051359262715,820.3559528323165,0.0,6,8,6.086435935342062,9505.006279213676,0.15502425598988515,9504.998142468232,9505.242858280417,0.15502425598988587,0.15502425598989034
single_axis,6,25,0.5,0.25,TSAI,True,True,8.93885000004957,,POOR,Add large rotations about at least two additional axes; the current motion does not uniquely constrain rotation.,24,174.26847203059663,99.11151626191638,845.0293943822419,0.0,6,8,6.774046086340416,113.63249827401158,24.394049504928656,198.30380024485967,291.1947783944814,24.394049504928653,24.39404950492866
single_axis,6,25,0.5,0.25,PARK,False,False,2.8641310000239173,ValueError: invalid SE(3): rotation not orthonormal; rotation determinant not +1,POOR,Add large rotations about at least two additional axes; the current motion does not uniquely constrain rotation.,24,174.26847203059663,99.11151626191638,845.0293943822419,0.0,6,8,6.774046086340416,,,,,,
single_axis,6,25,0.5,0.25,HORAUD,True,True,9.309863000453333,,POOR,Add large rotations about at least two additional axes; the current motion does not uniquely constrain rotation.,24,174.26847203059663,99.11151626191638,845.0293943822419,0.0,6,8,6.774046086340416,169.1372939163247,151.25150565751562,752.8778939111379,1217.5043060773594,151.25150565751562,151.25150565751562
single_axis,6,25,0.5,0.25,ANDREFF,True,True,10.608760000650364,,POOR,Add large rotations about at least two additional axes; the current motion does not uniquely constrain rotation.,24,174.26847203059663,99.11151626191638,845.0293943822419,0.0,6,8,6.774046086340416,110.00042823031852,0.07458489944522631,110.04742082132995,110.4542821706139,0.07458489944522739,0.07458489944523126
single_axis,6,25,0.5,0.25,DANIILIDIS,True,True,9.278645000449615,,POOR,Add large rotations about at least two additional axes; the current motion does not uniquely constrain rotation.,24,174.26847203059663,99.11151626191638,845.0293943822419,0.0,6,8,6.774046086340416,8706.227798480586,0.0814817569472477,8706.154909285007,8706.757140977885,0.08148175694724875,0.08148175694725178
single_axis,7,25,0.5,0.25,TSAI,True,True,8.582903999922564,,POOR,Add large rotations about at least two additional axes; the current motion does not uniquely constrain rotation.,24,170.66496147746446,82.99593340551024,756.9685606446636,0.0,6,8,6.116027416684727,137.38949016539192,26.78404960089245,203.6119145387515,357.41034093765586,26.784049600892455,26.784049600892455
single_axis,7,25,0.5,0.25,PARK,False,False,2.4535840002499754,ValueError: invalid SE(3): rotation not orthonormal; rotation determinant not +1,POOR,Add large rotations about at least two additional axes; the current motion does not uniquely constrain rotation.,24,170.66496147746446,82.99593340551024,756.9685606446636,0.0,6,8,6.116027416684727,,,,,,
single_axis,7,25,0.5,0.25,HORAUD,True,True,9.586610000042128,,POOR,Add large rotations about at least two additional axes; the current motion does not uniquely constrain rotation.,24,170.66496147746446,82.99593340551024,756.9685606446636,0.0,6,8,6.116027416684727,196.60473731475295,106.82850926526866,607.3470909119304,1038.3697317127676,106.82850926526866,106.82850926526866
single_axis,7,25,0.5,0.25,ANDREFF,True,True,10.828059000232315,,POOR,Add large rotations about at least two additional axes; the current motion does not uniquely constrain rotation.,24,170.66496147746446,82.99593340551024,756.9685606446636,0.0,6,8,6.116027416684727,110.00024093648213,0.0708551011446678,110.0259763275002,110.37221726496254,0.07085510114466893,0.0708551011446708
single_axis,7,25,0.5,0.25,DANIILIDIS,True,True,9.332263999567658,,POOR,Add large rotations about at least two additional axes; the current motion does not uniquely constrain rotation.,24,170.66496147746446,82.99593340551024,756.9685606446636,0.0,6,8,6.116027416684727,28639.768797419605,1.8996231483197668,28639.71975587012,28640.036618697322,1.8996231483197672,1.899623148319773
single_axis,8,25,0.5,0.25,TSAI,True,True,8.848091000800196,,POOR,Add large rotations about at least two additional axes; the current motion does not uniquely constrain rotation.,24,151.91878505889042,73.83660067356762,756.4609721686279,0.0,6,8,6.234706333726962,111.68598652905924,26.67700498927912,189.84452813380005,297.31194269643873,26.677004989279123,26.67700498927913
single_axis,8,25,0.5,0.25,PARK,False,False,2.4149219998435,ValueError: invalid SE(3): rotation not orthonormal; rotation determinant not +1,POOR,Add large rotations about at least two additional axes; the current motion does not uniquely constrain rotation.,24,151.91878505889042,73.83660067356762,756.4609721686279,0.0,6,8,6.234706333726962,,,,,,
single_axis,8,25,0.5,0.25,HORAUD,True,True,9.631943999920622,,POOR,Add large rotations about at least two additional axes; the current motion does not uniquely constrain rotation.,24,151.91878505889042,73.83660067356762,756.4609721686279,0.0,6,8,6.234706333726962,113.52244551030722,61.25689484893719,349.30001336987345,600.1577297562729,61.256894848937215,61.256894848937236
single_axis,8,25,0.5,0.25,ANDREFF,True,True,10.690542000702408,,POOR,Add large rotations about at least two additional axes; the current motion does not uniquely constrain rotation.,24,151.91878505889042,73.83660067356762,756.4609721686279,0.0,6,8,6.234706333726962,110.0001841935242,0.11630466007197743,110.1352425952837,110.64844746437797,0.1163046600719766,0.11630466007197894
single_axis,8,25,0.5,0.25,DANIILIDIS,True,True,9.778649000509176,,POOR,Add large rotations about at least two additional axes; the current motion does not uniquely constrain rotation.,24,151.91878505889042,73.83660067356762,756.4609721686279,0.0,6,8,6.234706333726962,41854.27835549665,3.450582746102975,41854.04829703803,41855.034456979076,3.450582746102975,3.450582746102981
single_axis,9,25,0.5,0.25,TSAI,True,True,9.657702000367863,,POOR,Add large rotations about at least two additional axes; the current motion does not uniquely constrain rotation.,24,174.64605166913057,76.35178514506329,843.3374561660441,0.0,6,8,6.218568325368149,117.51028919690394,26.796063167229548,210.38054437843516,330.70928564322935,26.796063167229555,26.79606316722956
single_axis,9,25,0.5,0.25,PARK,False,False,2.486635999957798,ValueError: invalid SE(3): rotation not orthonormal; rotation determinant not +1,POOR,Add large rotations about at least two additional axes; the current motion does not uniquely constrain rotation.,24,174.64605166913057,76.35178514506329,843.3374561660441,0.0,6,8,6.218568325368149,,,,,,
single_axis,9,25,0.5,0.25,HORAUD,True,True,9.657323000283213,,POOR,Add large rotations about at least two additional axes; the current motion does not uniquely constrain rotation.,24,174.64605166913057,76.35178514506329,843.3374561660441,0.0,6,8,6.218568325368149,129.98716684471955,54.859223841678244,363.94704017267713,622.557621660114,54.85922384167823,54.85922384167825
single_axis,9,25,0.5,0.25,ANDREFF,True,True,10.27109799997561,,POOR,Add large rotations about at least two additional axes; the current motion does not uniquely constrain rotation.,24,174.64605166913057,76.35178514506329,843.3374561660441,0.0,6,8,6.218568325368149,110.0000055972367,0.0488329112735386,110.05498080110515,110.37868092407203,0.048832911273538976,0.04883291127354167
single_axis,9,25,0.5,0.25,DANIILIDIS,True,True,10.39387800028635,,POOR,Add large rotations about at least two additional axes; the current motion does not uniquely constrain rotation.,24,174.64605166913057,76.35178514506329,843.3374561660441,0.0,6,8,6.218568325368149,86.46173161803755,2.908180413316179,88.79739907941727,92.61842459472884,2.908180413316178,2.908180413316181
small_rotation,0,25,0.5,0.25,TSAI,True,True,9.116260999689985,,POOR,Increase rotational excitation; the current angular motion is too small relative to expected measurement noise.,24,2.7806674353587972,1.4904867240146633,146.40370031372458,0.7463182110179343,8,8,0.10512081387447406,127.76932339180638,34.33164367138613,213.90442065919925,239.04728876579935,34.33164367138613,34.33164367138614
small_rotation,0,25,0.5,0.25,PARK,True,True,10.255038999275712,,POOR,Increase rotational excitation; the current angular motion is too small relative to expected measurement noise.,24,2.7806674353587972,1.4904867240146633,146.40370031372458,0.7463182110179343,8,8,0.10512081387447406,51.67958223215056,4.89977105069177,34.17879986219613,38.21934544338438,4.899771050691771,4.899771050691775
small_rotation,0,25,0.5,0.25,HORAUD,True,True,9.475722999923164,,POOR,Increase rotational excitation; the current angular motion is too small relative to expected measurement noise.,24,2.7806674353587972,1.4904867240146633,146.40370031372458,0.7463182110179343,8,8,0.10512081387447406,51.67785621596412,4.899648989709867,34.17747324089603,38.21793612555825,4.899648989709867,4.89964898970987
small_rotation,0,25,0.5,0.25,ANDREFF,True,True,10.903138999310613,,POOR,Increase rotational excitation; the current angular motion is too small relative to expected measurement noise.,24,2.7806674353587972,1.4904867240146633,146.40370031372458,0.7463182110179343,8,8,0.10512081387447406,16.61821886800003,0.9566445102917089,12.789410103625166,13.638196240664433,0.9566445102917092,0.9566445102917129
small_rotation,0,25,0.5,0.25,DANIILIDIS,True,True,9.605785999156069,,POOR,Increase rotational excitation; the current angular motion is too small relative to expected measurement noise.,24,2.7806674353587972,1.4904867240146633,146.40370031372458,0.7463182110179343,8,8,0.10512081387447406,13.908738227450815,0.5625499732878921,12.821420160551138,13.011986742592775,0.5625499732878922,0.5625499732878945
small_rotation,1,25,0.5,0.25,TSAI,True,True,8.338478000041505,,POOR,Increase rotational excitation; the current angular motion is too small relative to expected measurement noise.,24,3.19596261001803,1.5710304961452406,136.6228734825049,0.6093444261005216,8,8,0.1101770200940385,127.76932339180638,34.33164367138613,216.9269078625939,246.94732659358345,34.33164367138613,34.33164367138614
small_rotation,1,25,0.5,0.25,PARK,True,True,10.32415800000308,,POOR,Increase rotational excitation; the current angular motion is too small relative to expected measurement noise.,24,3.19596261001803,1.5710304961452406,136.6228734825049,0.6093444261005216,8,8,0.1101770200940385,10.174156725363046,3.6553820496663456,18.97896456039991,21.652462296966494,3.655382049666347,3.6553820496663496
small_rotation,1,25,0.5,0.25,HORAUD,True,True,9.655257999838796,,POOR,Increase rotational excitation; the current angular motion is too small relative to expected measurement noise.,24,3.19596261001803,1.5710304961452406,136.6228734825049,0.6093444261005216,8,8,0.1101770200940385,10.17364137135794,3.6553110744982678,18.978371893738572,21.65182900001486,3.6553110744982695,3.6553110744982726
small_rotation,1,25,0.5,0.25,ANDREFF,True,True,11.180777999470592,,POOR,Increase rotational excitation; the current angular motion is too small relative to expected measurement noise.,24,3.19596261001803,1.5710304961452406,136.6228734825049,0.6093444261005216,8,8,0.1101770200940385,18.91885141284186,1.0139093934416847,16.129204499917957,16.70227956075559,1.0139093934416845,1.013909393441687
small_rotation,1,25,0.5,0.25,DANIILIDIS,True,True,10.012486000050558,,POOR,Increase rotational excitation; the current angular motion is too small relative to expected measurement noise.,24,3.19596261001803,1.5710304961452406,136.6228734825049,0.6093444261005216,8,8,0.1101770200940385,13.341319002296247,0.43388302353630503,13.129170749524368,13.37509724313893,0.43388302353630537,0.4338830235363073
small_rotation,2,25,0.5,0.25,TSAI,True,True,8.95485999990342,,POOR,Increase rotational excitation; the current angular motion is too small relative to expected measurement noise.,24,2.4533940314066025,1.4513960251378393,145.57629799792923,0.7408464116352133,8,8,0.09901614307299128,127.76932339180638,34.33164367138613,213.98562269499024,237.24803432586532,34.33164367138613,34.33164367138614
small_rotation,2,25,0.5,0.25,PARK,True,True,9.74013700033538,,POOR,Increase rotational excitation; the current angular motion is too small relative to expected measurement noise.,24,2.4533940314066025,1.4513960251378393,145.57629799792923,0.7408464116352133,8,8,0.09901614307299128,34.40130012047187,4.242719233662828,30.57788040511435,33.346103460903684,4.242719233662828,4.24271923366283
small_rotation,2,25,0.5,0.25,HORAUD,True,True,9.560702000271704,,POOR,Increase rotational excitation; the current angular motion is too small relative to expected measurement noise.,24,2.4533940314066025,1.4513960251378393,145.57629799792923,0.7408464116352133,8,8,0.09901614307299128,34.401241100410644,4.242749265301458,30.57768388053942,33.34592167783261,4.242749265301457,4.24274926530146
small_rotation,2,25,0.5,0.25,ANDREFF,True,True,10.430465999888838,,POOR,Increase rotational excitation; the current angular motion is too small relative to expected measurement noise.,24,2.4533940314066025,1.4513960251378393,145.57629799792923,0.7408464116352133,8,8,0.09901614307299128,15.079585899594878,1.2784159476336618,14.865823922415874,16.02942501701274,1.2784159476336612,1.2784159476336643
small_rotation,2,25,0.5,0.25,DANIILIDIS,True,True,12.377433999972709,,POOR,Increase rotational excitation; the current angular motion is too small relative to expected measurement noise.,24,2.4533940314066025,1.4513960251378393,145.57629799792923,0.7408464116352133,8,8,0.09901614307299128,11.53645401107718,0.7825920801569856,9.784215597242897,10.3537214705397,0.7825920801569842,0.7825920801569881
small_rotation,3,25,0.5,0.25,TSAI,True,True,11.430766000557924,,POOR,Increase rotational excitation; the current angular motion is too small relative to expected measurement noise.,24,3.002471991388309,1.5594368185919112,131.85871516717725,0.4837197905190107,8,8,0.09776132965619462,127.76932339180638,34.33164367138613,211.83958900305322,245.72039409726233,34.33164367138613,34.33164367138614
small_rotation,3,25,0.5,0.25,PARK,True,True,13.778121000541432,,POOR,Increase rotational excitation; the current angular motion is too small relative to expected measurement noise.,24,3.002471991388309,1.5594368185919112,131.85871516717725,0.4837197905190107,8,8,0.09776132965619462,26.186246122501938,5.127948552891804,31.72840301587873,36.800779547735985,5.127948552891803,5.127948552891804
small_rotation,3,25,0.5,0.25,HORAUD,True,True,10.585166000055324,,POOR,Increase rotational excitation; the current angular motion is too small relative to expected measurement noise.,24,3.002471991388309,1.5594368185919112,131.85871516717725,0.4837197905190107,8,8,0.09776132965619462,26.185589970514876,5.127883578674606,31.727231391157407,36.79949438780744,5.127883578674606,5.127883578674608
small_rotation,3,25,0.5,0.25,ANDREFF,True,True,10.853436000616057,,POOR,Increase rotational excitation; the current angular motion is too small relative to expected measurement noise.,24,3.002471991388309,1.5594368185919112,131.85871516717725,0.4837197905190107,8,8,0.09776132965619462,26.59154637240289,1.3071327639970565,29.414700130996764,30.53989493611437,1.3071327639970562,1.3071327639970594
small_rotation,3,25,0.5,0.25,DANIILIDIS,True,True,9.654776999923342,,POOR,Increase rotational excitation; the current angular motion is too small relative to expected measurement noise.,24,3.002471991388309,1.5594368185919112,131.85871516717725,0.4837197905190107,8,8,0.09776132965619462,13.192464781409912,0.783424360332892,14.155698667750828,14.811626491885612,0.7834243603328923,0.7834243603328954
small_rotation,4,25,0.5,0.25,TSAI,True,True,11.382496000805986,,POOR,Increase rotational excitation; the current angular motion is too small relative to expected measurement noise.,24,2.9752515464270735,1.7252761559155418,133.4297305873994,0.6526231063870874,8,8,0.12091530839823134,127.76932339180638,34.33164367138613,210.90542663216445,237.174313098681,34.33164367138613,34.33164367138614
small_rotation,4,25,0.5,0.25,PARK,True,False,13.855555000191089,,POOR,Increase rotational excitation; the current angular motion is too small relative to expected measurement noise.,24,2.9752515464270735,1.7252761559155418,133.4297305873994,0.6526231063870874,8,8,0.12091530839823134,6.947406224256954,0.8833106443126828,5.766690043271065,6.619746707696069,0.8833106443126841,0.8833106443126868
small_rotation,4,25,0.5,0.25,HORAUD,True,False,9.612507999918307,,POOR,Increase rotational excitation; the current angular motion is too small relative to expected measurement noise.,24,2.9752515464270735,1.7252761559155418,133.4297305873994,0.6526231063870874,8,8,0.12091530839823134,6.947054899639268,0.8833085299113045,5.766500269443024,6.619551473953075,0.8833085299113048,0.8833085299113078
small_rotation,4,25,0.5,0.25,ANDREFF,True,True,10.40507899961085,,POOR,Increase rotational excitation; the current angular motion is too small relative to expected measurement noise.,24,2.9752515464270735,1.7252761559155418,133.4297305873994,0.6526231063870874,8,8,0.12091530839823134,16.3497297048051,0.20841319100624067,15.898512488006254,16.10415792726317,0.20841319100624228,0.20841319100624423
small_rotation,4,25,0.5,0.25,DANIILIDIS,True,False,9.905324999635923,,POOR,Increase rotational excitation; the current angular motion is too small relative to expected measurement noise.,24,2.9752515464270735,1.7252761559155418,133.4297305873994,0.6526231063870874,8,8,0.12091530839823134,7.654584299301026,0.08384381276873416,7.387745696853436,7.449522579073799,0.08384381276873391,0.08384381276873666
small_rotation,5,25,0.5,0.25,TSAI,True,True,9.185720999994373,,POOR,Increase rotational excitation; the current angular motion is too small relative to expected measurement noise.,24,2.626210577986711,1.48452580085588,137.64642656001783,0.4852567835868917,8,8,0.08984328889790136,127.76932339180638,34.33164367138613,215.3673891938288,243.93914618898654,34.33164367138613,34.331643671386146
small_rotation,5,25,0.5,0.25,PARK,True,True,11.727891000191448,,POOR,Increase rotational excitation; the current angular motion is too small relative to expected measurement noise.,24,2.626210577986711,1.48452580085588,137.64642656001783,0.4852567835868917,8,8,0.08984328889790136,10.635002194197458,1.164321051986371,11.411132002948513,11.887469460500082,1.1643210519863714,1.1643210519863745
small_rotation,5,25,0.5,0.25,HORAUD,True,True,10.419635999824095,,POOR,Increase rotational excitation; the current angular motion is too small relative to expected measurement noise.,24,2.626210577986711,1.48452580085588,137.64642656001783,0.4852567835868917,8,8,0.08984328889790136,10.634723262012763,1.1642846444608583,11.410674299871298,11.886998341125913,1.1642846444608588,1.1642846444608623
small_rotation,5,25,0.5,0.25,ANDREFF,True,True,10.696252999878197,,POOR,Increase rotational excitation; the current angular motion is too small relative to expected measurement noise.,24,2.626210577986711,1.48452580085588,137.64642656001783,0.4852567835868917,8,8,0.08984328889790136,14.511780472800082,0.2567497419545282,14.785826972135117,14.860551917165171,0.2567497419545281,0.25674974195453026
small_rotation,5,25,0.5,0.25,DANIILIDIS,True,True,9.797132999665337,,POOR,Increase rotational excitation; the current angular motion is too small relative to expected measurement noise.,24,2.626210577986711,1.48452580085588,137.64642656001783,0.4852567835868917,8,8,0.08984328889790136,13.970993025406836,0.11437368378807303,13.924255360639213,13.971989176315095,0.11437368378807239,0.11437368378807504
small_rotation,6,25,0.5,0.25,TSAI,True,True,9.210477000124229,,POOR,Increase rotational excitation; the current angular motion is too small relative to expected measurement noise.,24,3.002142456415136,1.6258346089723055,147.87927341778857,0.3436900879466229,8,8,0.0930531529927277,127.76932339180638,34.33164367138613,215.56126417850606,236.2726313549516,34.33164367138613,34.33164367138614
small_rotation,6,25,0.5,0.25,PARK,True,True,9.590957999535021,,POOR,Increase rotational excitation; the current angular motion is too small relative to expected measurement noise.,24,3.002142456415136,1.6258346089723055,147.87927341778857,0.3436900879466229,8,8,0.0930531529927277,33.023292850039304,3.1660792461126985,26.382184248290127,28.140639823609213,3.166079246112698,3.1660792461127008
small_rotation,6,25,0.5,0.25,HORAUD,True,True,10.384160000285192,,POOR,Increase rotational excitation; the current angular motion is too small relative to expected measurement noise.,24,3.002142456415136,1.6258346089723055,147.87927341778857,0.3436900879466229,8,8,0.0930531529927277,33.022785201526474,3.166042942139374,26.381624696389096,28.14009576642343,3.1660429421393737,3.1660429421393768
small_rotation,6,25,0.5,0.25,ANDREFF,True,True,13.29409600020881,,POOR,Increase rotational excitation; the current angular motion is too small relative to expected measurement noise.,24,3.002142456415136,1.6258346089723055,147.87927341778857,0.3436900879466229,8,8,0.0930531529927277,28.46560427019042,1.2070860769211966,27.500714051933492,28.289286087590476,1.2070860769211966,1.2070860769212002
small_rotation,6,25,0.5,0.25,DANIILIDIS,True,True,9.168848999252077,,POOR,Increase rotational excitation; the current angular motion is too small relative to expected measurement noise.,24,3.002142456415136,1.6258346089723055,147.87927341778857,0.3436900879466229,8,8,0.0930531529927277,19.057318162489974,0.7256435486446284,19.07049010692099,19.63567040281125,0.7256435486446289,0.725643548644632
small_rotation,7,25,0.5,0.25,TSAI,True,True,8.416964000389271,,POOR,Increase rotational excitation; the current angular motion is too small relative to expected measurement noise.,24,2.972753986950458,1.0820704383312465,124.32329914810595,0.4955378077560603,8,8,0.06969943130663397,127.76932339180638,34.33164367138613,215.1776676420044,240.4612557523043,34.33164367138613,34.331643671386146
small_rotation,7,25,0.5,0.25,PARK,True,True,10.82075599970267,,POOR,Increase rotational excitation; the current angular motion is too small relative to expected measurement noise.,24,2.972753986950458,1.0820704383312465,124.32329914810595,0.4955378077560603,8,8,0.06969943130663397,51.99067690074006,6.016058561442141,51.664939126001855,56.02943035231745,6.016058561442142,6.016058561442144
small_rotation,7,25,0.5,0.25,HORAUD,True,True,12.030906999825675,,POOR,Increase rotational excitation; the current angular motion is too small relative to expected measurement noise.,24,2.972753986950458,1.0820704383312465,124.32329914810595,0.4955378077560603,8,8,0.06969943130663397,51.98869839577797,6.015942314888502,51.66298448369039,56.02739861889432,6.0159423148885045,6.015942314888508
small_rotation,7,25,0.5,0.25,ANDREFF,True,True,11.784416000409692,,POOR,Increase rotational excitation; the current angular motion is too small relative to expected measurement noise.,24,2.972753986950458,1.0820704383312465,124.32329914810595,0.4955378077560603,8,8,0.06969943130663397,45.16184570970187,1.3933029845462217,45.402273837283644,46.23023910694157,1.3933029845462217,1.3933029845462244
small_rotation,7,25,0.5,0.25,DANIILIDIS,True,True,11.77198299956217,,POOR,Increase rotational excitation; the current angular motion is too small relative to expected measurement noise.,24,2.972753986950458,1.0820704383312465,124.32329914810595,0.4955378077560603,8,8,0.06969943130663397,28.353228676825946,0.7253670476527988,28.172179779414517,28.642980225357178,0.725367047652799,0.7253670476528012
small_rotation,8,25,0.5,0.25,TSAI,True,True,9.480331000304432,,POOR,Increase rotational excitation; the current angular motion is too small relative to expected measurement noise.,24,2.299716301637416,1.274567995698829,140.7385672190729,0.6706976374272997,8,8,0.0844618667131715,127.76932339180638,34.33164367138613,211.71308513425188,240.30266774687885,34.33164367138613,34.33164367138614
small_rotation,8,25,0.5,0.25,PARK,True,True,10.744603000603092,,POOR,Increase rotational excitation; the current angular motion is too small relative to expected measurement noise.,24,2.299716301637416,1.274567995698829,140.7385672190729,0.6706976374272997,8,8,0.0844618667131715,29.75474975943159,1.962675256765471,31.03859501171039,31.632437558672123,1.9626752567654706,1.9626752567654735
small_rotation,8,25,0.5,0.25,HORAUD,True,True,9.120048999648134,,POOR,Increase rotational excitation; the current angular motion is too small relative to expected measurement noise.,24,2.299716301637416,1.274567995698829,140.7385672190729,0.6706976374272997,8,8,0.0844618667131715,29.75471818580175,1.9626774265892377,31.038602844403997,31.632443277610175,1.9626774265892377,1.9626774265892426
small_rotation,8,25,0.5,0.25,ANDREFF,True,True,13.454235000608605,,POOR,Increase rotational excitation; the current angular motion is too small relative to expected measurement noise.,24,2.299716301637416,1.274567995698829,140.7385672190729,0.6706976374272997,8,8,0.0844618667131715,19.751253049664538,0.1756487615920727,19.714547048398586,19.74375296516998,0.17564876159207438,0.1756487615920811
small_rotation,8,25,0.5,0.25,DANIILIDIS,True,True,12.946767999892472,,POOR,Increase rotational excitation; the current angular motion is too small relative to expected measurement noise.,24,2.299716301637416,1.274567995698829,140.7385672190729,0.6706976374272997,8,8,0.0844618667131715,14.903458393736068,0.27961012759191123,14.115589849453459,14.30715325674488,0.2796101275919121,0.27961012759191545
small_rotation,9,25,0.5,0.25,TSAI,True,True,9.085813999263337,,POOR,Increase rotational excitation; the current angular motion is too small relative to expected measurement noise.,24,3.434825377879571,1.7647971466619692,131.22085985694162,0.3801412824058388,8,8,0.10762864019500078,127.76932339180638,34.33164367138613,209.85770864011752,240.38891620293995,34.33164367138613,34.33164367138614
small_rotation,9,25,0.5,0.25,PARK,True,False,9.665005999522691,,POOR,Increase rotational excitation; the current angular motion is too small relative to expected measurement noise.,24,3.434825377879571,1.7647971466619692,131.22085985694162,0.3801412824058388,8,8,0.10762864019500078,2.1666884724239077,1.9469519663973687,4.003242767858564,5.584475862491674,1.9469519663973684,1.9469519663973702
small_rotation,9,25,0.5,0.25,HORAUD,True,False,11.089116999755788,,POOR,Increase rotational excitation; the current angular motion is too small relative to expected measurement noise.,24,3.434825377879571,1.7647971466619692,131.22085985694162,0.3801412824058388,8,8,0.10762864019500078,2.1672608265307054,1.9469992181390574,4.003740659977212,5.5851896172668205,1.9469992181390583,1.9469992181390603
small_rotation,9,25,0.5,0.25,ANDREFF,True,True,15.034558000479592,,POOR,Increase rotational excitation; the current angular motion is too small relative to expected measurement noise.,24,3.434825377879571,1.7647971466619692,131.22085985694162,0.3801412824058388,8,8,0.10762864019500078,13.370573502825106,0.6775128623363661,12.969957149802454,13.520923426430475,0.6775128623363653,0.6775128623363691
small_rotation,9,25,0.5,0.25,DANIILIDIS,True,False,14.21277299959911,,POOR,Increase rotational excitation; the current angular motion is too small relative to expected measurement noise.,24,3.434825377879571,1.7647971466619692,131.22085985694162,0.3801412824058388,8,8,0.10762864019500078,8.670854156646277,0.4706623283542538,9.985922013881453,10.472231685360034,0.47066232835425403,0.4706623283542568
translation_only,0,25,0.5,0.25,TSAI,True,True,8.776026000305137,,POOR,Add large rotations about at least two additional axes; the current motion does not uniquely constrain rotation.,24,0.0,0.0,848.6426466645117,0.0,0,8,0.0,127.76932339180638,34.33164367138613,238.6927124395245,420.5597540348244,34.33164367138613,34.33164367138613
translation_only,0,25,0.5,0.25,PARK,False,False,2.4330450005436433,ValueError: invalid SE(3): rotation not orthonormal; rotation determinant not +1,POOR,Add large rotations about at least two additional axes; the current motion does not uniquely constrain rotation.,24,0.0,0.0,848.6426466645117,0.0,0,8,0.0,,,,,,
translation_only,0,25,0.5,0.25,HORAUD,True,True,9.602219000043988,,POOR,Add large rotations about at least two additional axes; the current motion does not uniquely constrain rotation.,24,0.0,0.0,848.6426466645117,0.0,0,8,0.0,127.76932339180638,153.57443673374297,652.908955133211,1199.1614591961784,153.57443673374294,153.57443673374294
translation_only,0,25,0.5,0.25,ANDREFF,True,True,10.110228000485222,,POOR,Add large rotations about at least two additional axes; the current motion does not uniquely constrain rotation.,24,0.0,0.0,848.6426466645117,0.0,0,8,0.0,127.76932339180638,0.029057465089632768,127.80868254801092,127.895869573528,0.029057465089634672,0.02905746508963467
translation_only,0,25,0.5,0.25,DANIILIDIS,True,True,10.01065199943696,,POOR,Add large rotations about at least two additional axes; the current motion does not uniquely constrain rotation.,24,0.0,0.0,848.6426466645117,0.0,0,8,0.0,76538.26697040656,0.5090884506494852,76538.13348018179,76540.78356013824,0.5090884506494839,0.5090884506494839
translation_only,1,25,0.5,0.25,TSAI,True,True,8.994935000373516,,POOR,Add large rotations about at least two additional axes; the current motion does not uniquely constrain rotation.,24,0.0,0.0,830.0493408236428,0.0,0,8,0.0,127.76932339180638,34.33164367138613,241.83246263477304,387.40729823310807,34.33164367138613,34.33164367138613
translation_only,1,25,0.5,0.25,PARK,False,False,2.5191060003635357,ValueError: invalid SE(3): rotation not orthonormal; rotation determinant not +1,POOR,Add large rotations about at least two additional axes; the current motion does not uniquely constrain rotation.,24,0.0,0.0,830.0493408236428,0.0,0,8,0.0,,,,,,
translation_only,1,25,0.5,0.25,HORAUD,True,True,9.114137000324263,,POOR,Add large rotations about at least two additional axes; the current motion does not uniquely constrain rotation.,24,0.0,0.0,830.0493408236428,0.0,0,8,0.0,127.76932339180638,164.54434847184226,523.7169244022144,934.6315664205067,164.5443484718422,164.5443484718422
translation_only,1,25,0.5,0.25,ANDREFF,True,True,14.25706500049273,,POOR,Add large rotations about at least two additional axes; the current motion does not uniquely constrain rotation.,24,0.0,0.0,830.0493408236428,0.0,0,8,0.0,127.76932339180638,0.06234632666896123,127.7862136674689,128.13391082263533,0.062346326668963455,0.062346326668963455
translation_only,1,25,0.5,0.25,DANIILIDIS,True,True,14.668534000520594,,POOR,Add large rotations about at least two additional axes; the current motion does not uniquely constrain rotation.,24,0.0,0.0,830.0493408236428,0.0,0,8,0.0,29351.17089399965,2.1114463557106946,29352.81783504125,29362.74971382573,2.111446355710696,2.111446355710696
translation_only,2,25,0.5,0.25,TSAI,True,True,12.87802900060342,,POOR,Add large rotations about at least two additional axes; the current motion does not uniquely constrain rotation.,24,0.0,0.0,789.317721799024,0.0,0,8,0.0,127.76932339180638,34.33164367138613,266.7087762365582,434.45084703362915,34.33164367138613,34.33164367138613
translation_only,2,25,0.5,0.25,PARK,False,False,2.6290720006727497,ValueError: invalid SE(3): rotation not orthonormal; rotation determinant not +1,POOR,Add large rotations about at least two additional axes; the current motion does not uniquely constrain rotation.,24,0.0,0.0,789.317721799024,0.0,0,8,0.0,,,,,,
translation_only,2,25,0.5,0.25,HORAUD,True,True,11.964703000558075,,POOR,Add large rotations about at least two additional axes; the current motion does not uniquely constrain rotation.,24,0.0,0.0,789.317721799024,0.0,0,8,0.0,127.76932339180638,153.57443673374297,677.1739260316194,1282.9993584282379,153.57443673374294,153.57443673374294
translation_only,2,25,0.5,0.25,ANDREFF,True,True,11.593760000323527,,POOR,Add large rotations about at least two additional axes; the current motion does not uniquely constrain rotation.,24,0.0,0.0,789.317721799024,0.0,0,8,0.0,127.76932339180638,0.04669752083846528,127.5680603272108,127.83051638123786,0.046697520838463846,0.046697520838463846
translation_only,2,25,0.5,0.25,DANIILIDIS,False,False,2.2711029996571597,ValueError: invalid SE(3): rotation not orthonormal; rotation determinant not +1,POOR,Add large rotations about at least two additional axes; the current motion does not uniquely constrain rotation.,24,0.0,0.0,789.317721799024,0.0,0,8,0.0,,,,,,
translation_only,3,25,0.5,0.25,TSAI,True,True,9.044717999131535,,POOR,Add large rotations about at least two additional axes; the current motion does not uniquely constrain rotation.,24,0.0,0.0,780.3660584401343,0.0,0,8,0.0,127.76932339180638,34.33164367138613,297.1106241182236,413.95561001755885,34.33164367138613,34.33164367138613
translation_only,3,25,0.5,0.25,PARK,False,False,2.639601000737457,ValueError: invalid SE(3): rotation not orthonormal; rotation determinant not +1,POOR,Add large rotations about at least two additional axes; the current motion does not uniquely constrain rotation.,24,0.0,0.0,780.3660584401343,0.0,0,8,0.0,,,,,,
translation_only,3,25,0.5,0.25,HORAUD,True,True,9.080193999579933,,POOR,Add large rotations about at least two additional axes; the current motion does not uniquely constrain rotation.,24,0.0,0.0,780.3660584401343,0.0,0,8,0.0,127.76932339180638,153.57443673374297,741.4754348772806,1156.6985104479293,153.57443673374294,153.57443673374294
translation_only,3,25,0.5,0.25,ANDREFF,True,True,11.352159000125539,,POOR,Add large rotations about at least two additional axes; the current motion does not uniquely constrain rotation.,24,0.0,0.0,780.3660584401343,0.0,0,8,0.0,127.76932339180638,0.11139780963966098,127.53710102278023,128.30653061615178,0.11139780963966053,0.11139780963966053
translation_only,3,25,0.5,0.25,DANIILIDIS,True,True,9.899785000015981,,POOR,Add large rotations about at least two additional axes; the current motion does not uniquely constrain rotation.,24,0.0,0.0,780.3660584401343,0.0,0,8,0.0,35082.05610110853,3.101743788687559,35088.35314405075,35101.07742680419,3.1017437886875614,3.1017437886875614
translation_only,4,25,0.5,0.25,TSAI,True,True,8.312880000630685,,POOR,Add large rotations about at least two additional axes; the current motion does not uniquely constrain rotation.,24,0.0,0.0,808.0260997162223,0.0,0,8,0.0,127.76932339180638,34.33164367138613,249.2737176592638,389.61283299969256,34.33164367138613,34.33164367138613
translation_only,4,25,0.5,0.25,PARK,False,False,2.87640399983502,ValueError: invalid SE(3): rotation not orthonormal; rotation determinant not +1,POOR,Add large rotations about at least two additional axes; the current motion does not uniquely constrain rotation.,24,0.0,0.0,808.0260997162223,0.0,0,8,0.0,,,,,,
translation_only,4,25,0.5,0.25,HORAUD,True,True,9.302008999839018,,POOR,Add large rotations about at least two additional axes; the current motion does not uniquely constrain rotation.,24,0.0,0.0,808.0260997162223,0.0,0,8,0.0,127.76932339180638,153.57443673374297,657.3437902060822,1094.764134965422,153.57443673374294,153.57443673374294
translation_only,4,25,0.5,0.25,ANDREFF,True,True,10.7583290000548,,POOR,Add large rotations about at least two additional axes; the current motion does not uniquely constrain rotation.,24,0.0,0.0,808.0260997162223,0.0,0,8,0.0,127.76932339180638,0.07952086538362357,128.05991856301355,128.5133193102198,0.07952086538362453,0.07952086538362453
translation_only,4,25,0.5,0.25,DANIILIDIS,True,True,9.420779999345541,,POOR,Add large rotations about at least two additional axes; the current motion does not uniquely constrain rotation.,24,0.0,0.0,808.0260997162223,0.0,0,8,0.0,79847.61453876708,1.6672093349485246,79847.38663241123,79849.22404510948,1.6672093349485266,1.6672093349485269
translation_only,5,25,0.5,0.25,TSAI,True,True,12.37662299990916,,POOR,Add large rotations about at least two additional axes; the current motion does not uniquely constrain rotation.,24,0.0,0.0,820.0232755821064,0.0,0,8,0.0,127.76932339180638,34.33164367138613,276.77780466851385,390.8137599006151,34.33164367138613,34.33164367138613
translation_only,5,25,0.5,0.25,PARK,False,False,3.0943709998609847,ValueError: invalid SE(3): rotation not orthonormal; rotation determinant not +1,POOR,Add large rotations about at least two additional axes; the current motion does not uniquely constrain rotation.,24,0.0,0.0,820.0232755821064,0.0,0,8,0.0,,,,,,
translation_only,5,25,0.5,0.25,HORAUD,True,True,11.696161000145366,,POOR,Add large rotations about at least two additional axes; the current motion does not uniquely constrain rotation.,24,0.0,0.0,820.0232755821064,0.0,0,8,0.0,127.76932339180638,164.54434847184226,609.3662117583299,964.8664427287877,164.5443484718422,164.5443484718422
translation_only,5,25,0.5,0.25,ANDREFF,True,True,11.132779000035953,,POOR,Add large rotations about at least two additional axes; the current motion does not uniquely constrain rotation.,24,0.0,0.0,820.0232755821064,0.0,0,8,0.0,127.76932339180638,0.03308616087623218,127.59793803781655,127.73870770911367,0.03308616087623341,0.03308616087623341
translation_only,5,25,0.5,0.25,DANIILIDIS,False,False,2.280902000165952,ValueError: invalid SE(3): rotation not orthonormal; rotation determinant not +1,POOR,Add large rotations about at least two additional axes; the current motion does not uniquely constrain rotation.,24,0.0,0.0,820.0232755821064,0.0,0,8,0.0,,,,,,
translation_only,6,25,0.5,0.25,TSAI,True,True,8.42080199981865,,POOR,Add large rotations about at least two additional axes; the current motion does not uniquely constrain rotation.,24,0.0,0.0,875.4953940528212,0.0,0,8,0.0,127.76932339180638,34.33164367138613,270.0573964475841,393.5238426988375,34.33164367138613,34.33164367138613
translation_only,6,25,0.5,0.25,PARK,False,False,2.434216999972705,ValueError: invalid SE(3): rotation not orthonormal; rotation determinant not +1,POOR,Add large rotations about at least two additional axes; the current motion does not uniquely constrain rotation.,24,0.0,0.0,875.4953940528212,0.0,0,8,0.0,,,,,,
translation_only,6,25,0.5,0.25,HORAUD,True,True,9.21073800054728,,POOR,Add large rotations about at least two additional axes; the current motion does not uniquely constrain rotation.,24,0.0,0.0,875.4953940528212,0.0,0,8,0.0,127.76932339180638,153.57443673374297,674.8146331113637,1182.5877085519235,153.57443673374294,153.57443673374294
translation_only,6,25,0.5,0.25,ANDREFF,True,True,10.202681000009761,,POOR,Add large rotations about at least two additional axes; the current motion does not uniquely constrain rotation.,24,0.0,0.0,875.4953940528212,0.0,0,8,0.0,127.76932339180638,0.07578793980623115,127.8763496231787,128.06464849562002,0.07578793980623248,0.07578793980623248
translation_only,6,25,0.5,0.25,DANIILIDIS,True,True,9.648395999647619,,POOR,Add large rotations about at least two additional axes; the current motion does not uniquely constrain rotation.,24,0.0,0.0,875.4953940528212,0.0,0,8,0.0,10253.243666439292,0.7834171432020905,10253.783853743756,10258.993197044203,0.7834171432020934,0.7834171432020935
translation_only,7,25,0.5,0.25,TSAI,True,True,8.76139900083217,,POOR,Add large rotations about at least two additional axes; the current motion does not uniquely constrain rotation.,24,0.0,0.0,801.6767946271448,0.0,0,8,0.0,127.76932339180638,34.33164367138613,265.59831339318214,386.29673959563047,34.33164367138613,34.33164367138613
translation_only,7,25,0.5,0.25,PARK,False,False,2.524435999475827,ValueError: invalid SE(3): rotation not orthonormal; rotation determinant not +1,POOR,Add large rotations about at least two additional axes; the current motion does not uniquely constrain rotation.,24,0.0,0.0,801.6767946271448,0.0,0,8,0.0,,,,,,
translation_only,7,25,0.5,0.25,HORAUD,True,True,8.815279000373266,,POOR,Add large rotations about at least two additional axes; the current motion does not uniquely constrain rotation.,24,0.0,0.0,801.6767946271448,0.0,0,8,0.0,127.76932339180638,153.57443673374297,666.5361885960554,987.054577807853,153.57443673374294,153.57443673374294
translation_only,7,25,0.5,0.25,ANDREFF,True,True,10.981686000377522,,POOR,Add large rotations about at least two additional axes; the current motion does not uniquely constrain rotation.,24,0.0,0.0,801.6767946271448,0.0,0,8,0.0,127.76932339180638,0.10069332668777768,128.26192633607405,128.76506515687745,0.10069332668777653,0.10069332668777653
translation_only,7,25,0.5,0.25,DANIILIDIS,False,False,2.0998129994040937,ValueError: invalid SE(3): rotation not orthonormal; rotation determinant not +1,POOR,Add large rotations about at least two additional axes; the current motion does not uniquely constrain rotation.,24,0.0,0.0,801.6767946271448,0.0,0,8,0.0,,,,,,
translation_only,8,25,0.5,0.25,TSAI,True,True,8.531708999726106,,POOR,Add large rotations about at least two additional axes; the current motion does not uniquely constrain rotation.,24,0.0,0.0,710.5842594991142,0.0,0,8,0.0,127.76932339180638,34.33164367138613,243.4813419576411,372.4951975757429,34.33164367138613,34.33164367138613
translation_only,8,25,0.5,0.25,PARK,False,False,2.4484340001436067,ValueError: invalid SE(3): rotation not orthonormal; rotation determinant not +1,POOR,Add large rotations about at least two additional axes; the current motion does not uniquely constrain rotation.,24,0.0,0.0,710.5842594991142,0.0,0,8,0.0,,,,,,
translation_only,8,25,0.5,0.25,HORAUD,True,True,9.479309000198555,,POOR,Add large rotations about at least two additional axes; the current motion does not uniquely constrain rotation.,24,0.0,0.0,710.5842594991142,0.0,0,8,0.0,127.76932339180638,153.57443673374297,569.606034411386,1039.1553427293663,153.57443673374294,153.57443673374294
translation_only,8,25,0.5,0.25,ANDREFF,True,True,10.241584000141302,,POOR,Add large rotations about at least two additional axes; the current motion does not uniquely constrain rotation.,24,0.0,0.0,710.5842594991142,0.0,0,8,0.0,127.76932339180638,0.0897051180286544,128.14176964442177,128.59633257371087,0.08970511802865179,0.08970511802865179
translation_only,8,25,0.5,0.25,DANIILIDIS,True,True,10.109716999977536,,POOR,Add large rotations about at least two additional axes; the current motion does not uniquely constrain rotation.,24,0.0,0.0,710.5842594991142,0.0,0,8,0.0,40347.6031042479,4.664654285779313,40346.01578976107,40350.69363506743,4.664654285779312,4.664654285779312
translation_only,9,25,0.5,0.25,TSAI,True,True,10.19889399958629,,POOR,Add large rotations about at least two additional axes; the current motion does not uniquely constrain rotation.,24,0.0,0.0,822.1562836310287,0.0,0,8,0.0,127.76932339180638,34.33164367138613,276.54229160679057,395.54491883057204,34.33164367138613,34.33164367138613
translation_only,9,25,0.5,0.25,PARK,False,False,2.5225629997294163,ValueError: invalid SE(3): rotation not orthonormal; rotation determinant not +1,POOR,Add large rotations about at least two additional axes; the current motion does not uniquely constrain rotation.,24,0.0,0.0,822.1562836310287,0.0,0,8,0.0,,,,,,
translation_only,9,25,0.5,0.25,HORAUD,True,True,9.469431000070472,,POOR,Add large rotations about at least two additional axes; the current motion does not uniquely constrain rotation.,24,0.0,0.0,822.1562836310287,0.0,0,8,0.0,127.76932339180638,153.57443673374297,697.0292201599798,1141.556257985445,153.57443673374294,153.57443673374294
translation_only,9,25,0.5,0.25,ANDREFF,True,True,10.312837000128638,,POOR,Add large rotations about at least two additional axes; the current motion does not uniquely constrain rotation.,24,0.0,0.0,822.1562836310287,0.0,0,8,0.0,127.76932339180638,0.030773085277402454,127.81260620373916,128.00969873801904,0.03077308527740408,0.03077308527740408
translation_only,9,25,0.5,0.25,DANIILIDIS,True,True,9.663093000199297,,POOR,Add large rotations about at least two additional axes; the current motion does not uniquely constrain rotation.,24,0.0,0.0,822.1562836310287,0.0,0,8,0.0,27761.222882631362,5.038860747281697,27760.590986724175,27766.08609550331,5.0388607472816975,5.038860747281697
