scenario,time_index,camera_name,translation_residual_mm,rotation_residual_deg,cross_camera_residual_mm,isolation_translation_mm,isolation_rotation_deg,translation_z,rotation_z,cross_camera_z,isolation_translation_z,isolation_rotation_z,health_score,isolation_score,state
none,0,upper_arm_camera,0.7458061053482681,0.04256841613062424,1.1735320302941417,0.0,0.0,0.0,0.0,0.0,0.0,0.0,0.0,0.0,BASELINE
none,0,forearm_camera,1.8714899177321078,0.1328269702340532,1.5612639715228456,0.43503418787335213,0.09748781913428474,2.3903494909958085,1.4335455756805338,0.3228641164568113,5.437927348416902,6.4991879422856496,2.805898224161488,8.474107490220527,BASELINE
none,0,wrist_camera,1.0387621623350167,0.022241550628018976,1.5139617248781976,0.2931274479394079,0.0,0.0,0.0,0.030290062632301426,0.33483195257574805,0.0,0.030290062632301426,0.33483195257574805,BASELINE
none,1,upper_arm_camera,1.1177993680177314,0.07112777993658706,0.8365414144729096,0.0,0.0,0.40790933893126263,0.0,0.0,0.0,0.0,0.40790933893126263,0.0,BASELINE
none,1,forearm_camera,0.36944606111869444,0.04278750441480004,1.2354723350247911,0.7619521108862781,0.0,0.0,0.0,0.0,9.524401386078477,0.0,0.0,9.524401386078477,BASELINE
none,1,wrist_camera,1.2717951576417756,0.0781007196009506,0.8724511446903944,0.0,0.07167674389208883,0.23386265318418922,0.0,0.0,0.0,0.885990316891547,0.23386265318418922,0.885990316891547,BASELINE
none,2,upper_arm_camera,1.2697729368142439,0.13256747829374432,3.1916881712594734,0.0,0.021275881703167604,0.7382418526529009,0.9900406252881387,1.557489432259657,0.0,1.2081141339970378,1.9877008840189776,1.2081141339970378,BASELINE
none,2,forearm_camera,0.7368681784359598,0.06138108402280818,2.5425427253127193,0.0,0.0,0.0,0.0,2.179737138948624,0.0,0.0,2.179737138948624,0.0,BASELINE
none,2,wrist_camera,3.946684855713376,0.20930213576385798,4.41475922330926,3.095287550046327,0.10471470080434198,3.218257728622447,2.0039534962503103,3.935127778312843,9.983480872168084,1.6052627581879124,5.464269672574856,10.111713942145073,BASELINE
none,3,upper_arm_camera,0.770444508584994,0.05455139843390902,0.5381859040399168,0.0,0.0,0.0,0.0,0.0,0.0,0.0,0.0,0.0,BASELINE
none,3,forearm_camera,0.6582024576646303,0.136060367186088,0.5175439770778504,0.0,0.055076288544416846,0.0,1.5120073349598697,0.0,0.0,3.67175256962779,1.5120073349598697,3.67175256962779,BASELINE
none,3,wrist_camera,0.5651314974985869,0.08750411978538317,0.5723073813301037,0.08888488154244029,0.04495005383398669,0.0,0.11469501618879216,0.0,0.0,0.3041210549114667,0.11469501618879216,0.3041210549114667,BASELINE
none,4,upper_arm_camera,0.24486663376991105,0.035037495130286034,0.8641339436405646,0.0,0.005550974518444919,0.0,0.0,0.0,0.0,0.15978698834885874,0.0,0.15978698834885874,BASELINE
none,4,forearm_camera,1.2029217950905713,0.06483713461996589,1.052610823987111,0.31504729450032576,0.020324449099019794,0.7346600751096295,0.0,0.0,3.9380911812540718,1.3549632732679864,0.7346600751096295,4.164671370441632,BASELINE
none,4,wrist_camera,0.8774076929540197,0.03047182835415194,0.9260404098333318,0.0,0.0,0.0,0.0,0.0,0.0,0.0,0.0,0.0,BASELINE
none,5,upper_arm_camera,2.3885119720522607,0.17843958316601732,4.5239770453181585,1.28641571047218,0.0755304892431583,3.1699533708809,1.7607840159391688,2.90039039794105,16.08019638090225,4.825087969996417,4.643407066456127,16.788513619930324,BASELINE
none,5,forearm_camera,2.944731208022142,0.19448230285035145,4.270766572066476,0.5267842907171314,0.051351005826808405,5.048200179425922,2.929676715095096,5.450053779831745,6.5848036339641425,3.423400388453894,7.98563816545582,7.421543580518385,BASELINE
none,5,wrist_camera,2.3027469630499366,0.14086588013441464,3.4907718080976613,0.0,0.0,1.3841035372447248,0.9424109476883246,2.691324682893781,0.0,0.0,3.169717581250651,0.0,BASELINE
none,6,upper_arm_camera,0.5754154268756927,0.033161425754070925,0.9374571746152757,0.0,0.02711203381648923,0.0,0.0,0.0,0.0,1.5971909415518128,0.0,1.5971909415518128,BASELINE
none,6,forearm_camera,0.9297933280760902,0.11085510615079405,1.3204241104769587,0.9180405494528092,0.04176301039071838,0.05826540910854565,0.9003753104169143,0.0,11.475506868160116,2.7842006927145584,0.9022585868291534,11.80843052139031,BASELINE
none,6,wrist_camera,0.33297832159017043,0.04399127323238812,0.7853504968858325,0.0,0.0,0.0,0.0,0.0,0.0,0.0,0.0,0.0,BASELINE
none,7,upper_arm_camera,0.432957983227339,0.015496706829858176,1.0172346221885027,0.0,0.0,0.0,0.0,0.0,0.0,0.0,0.0,0.0,BASELINE
none,7,forearm_camera,0.4148989355204295,0.04642363236249693,0.9901164359752714,0.0,0.0,0.0,0.0,0.0,0.0,0.0,0.0,0.0,BASELINE
none,7,wrist_camera,1.085609660789472,0.0984429535319781,1.4007665685495325,0.794182078935291,0.07505964777082856,0.0261340577491611,0.28437170797817163,0.0,2.060108185143668,0.9596398327497636,0.2855700566811216,2.272653590650351,BASELINE
none,8,upper_arm_camera,1.0324119859936598,0.07621742856851563,2.647036619733365,0.0,0.0,0.2223097720625751,0.04324674021336287,1.0084995632111358,0.0,0.0,1.0336166041094,0.0,BASELINE
none,8,forearm_camera,0.7907377569862213,0.029277146282242074,2.2230614088005307,0.0,0.0,0.0,0.0,1.5751828922267146,0.0,0.0,1.5751828922267146,0.0,BASELINE
none,8,wrist_camera,2.9338589080861963,0.16306614033836828,3.480109870405327,2.0901217122767584,0.10278858759826513,2.08824000394626,1.286768197787571,2.676972375831402,6.522403731245884,1.5633291679351131,3.6307987839982774,6.707141605832318,BASELINE
none,9,upper_arm_camera,0.6491572627283069,0.02417018075324709,1.8664976955907355,0.0,0.0,0.0,0.0,0.22174340589980346,0.0,0.0,0.22174340589980346,0.0,BASELINE
none,9,forearm_camera,1.458957538489951,0.10065569196630401,2.460505685842728,0.7824468640985585,0.015036720517335594,1.368725110636595,0.6528758563118151,2.024498512973499,9.78058580123198,1.0024480344890396,2.529476139692556,9.831823873377287,BASELINE
none,9,wrist_camera,1.8927192057142932,0.10937104420848506,2.2720668119961616,0.2171302425588597,0.027843258425892914,0.9266324046340327,0.4538817596453575,1.050794712897829,0.07315156071101343,0.0,1.472693380751963,0.07315156071101343,BASELINE
none,10,upper_arm_camera,0.9137001934120084,0.14975116187027318,1.7216546850781227,0.4415434485226215,0.07326195458384692,0.0,1.278760983347261,0.07574667615377388,5.519293106532769,4.673852326042326,1.2810024244628107,7.232391856189168,BASELINE
none,10,forearm_camera,1.300619091322037,0.07259103494835711,1.7286241882776818,0.4624519581212989,0.0,0.9766045738871502,0.0,0.6395597244379292,5.780649476516237,0.0,1.1673873114182893,5.780649476516237,BASELINE
none,10,wrist_camera,0.8210261968440256,0.06117198808378614,1.273141733355942,0.0,0.0,0.0,0.0,0.0,0.0,0.0,0.0,0.0,BASELINE
none,11,upper_arm_camera,0.8253304891496667,0.04814982967355103,0.7605385396115992,0.0,0.0,0.0,0.0,0.0,0.0,0.0,0.0,0.0,BASELINE
none,11,forearm_camera,0.7899550963050346,0.05174974546339921,0.7906220207848069,0.0,0.012204313456960242,0.0,0.0,0.0,0.0,0.8136208971306829,0.0,0.8136208971306829,BASELINE
none,11,wrist_camera,2.1031310299619115,0.11743889735721277,1.4866378406931724,1.4221151209899385,0.03411878924866534,1.161390500473005,0.5790255056635076,0.0,4.222263539236897,0.06831258342207029,1.2977281806286776,4.222816122426251,BASELINE
none,12,upper_arm_camera,3.3529669736704135,0.20116761790512797,3.3341585797573265,2.3021123647319284,0.18488965154678272,5.266310307017036,2.1426605966287293,1.7010946614844131,28.776404559149103,12.115698790238046,5.9345380384213575,31.222934143472056,BASELINE
none,12,forearm_camera,0.9186516661258547,0.018057526071141708,2.143262501407913,0.0,0.0,0.03067340891939311,0.0,1.4241794818406337,0.0,0.0,1.4245097593595462,0.0,BASELINE
none,12,wrist_camera,0.1894266497372141,0.017438825872942116,2.2229422933748113,0.0,0.0,0.0,0.0,0.9846669417655627,0.0,0.0,0.9846669417655627,0.0,BASELINE
none,13,upper_arm_camera,0.23308218761192215,0.03936068123547298,0.8647321285274556,0.0,0.0,0.0,0.0,0.0,0.0,0.0,0.0,0.0,BASELINE
none,13,forearm_camera,0.7488741031573427,0.03975652401338157,1.1493970543087295,0.0872083522548357,0.0,0.0,0.0,0.0,1.090104403185446,0.0,0.0,1.090104403185446,BASELINE
none,13,wrist_camera,1.0285257254661158,0.13815516209786788,1.3468536278351677,0.6795780728341503,0.07385774014520319,0.0,0.9003638995778959,0.0,1.6654933953544253,0.9334729897336431,0.9003638995778959,1.9092511810999302,BASELINE
none,14,upper_arm_camera,0.1538344192674563,0.03383869329527988,1.571358488313689,0.0,0.0,0.0,0.0,0.0,0.0,0.0,0.0,0.0,BASELINE
none,14,forearm_camera,0.8938797937934116,0.07491052307045214,1.3187665886011293,0.0,0.0,0.0,0.02814240277126659,0.0,0.0,0.0,0.02814240277126659,0.0,BASELINE
none,14,wrist_camera,2.064495557041552,0.1105408882534972,1.8639648974299097,0.837804717945001,0.07028074904549049,1.1182846052266049,0.47202768562480235,0.5014382863628348,2.2103135672110006,0.8555979828856407,1.3133205813180675,2.3701337459550667,BASELINE
none,15,upper_arm_camera,2.3883345858431877,0.12884762668020414,2.197701804621948,0.9832602851380889,0.0007573648679791573,3.169567800989986,0.927539655399756,0.5555856577687244,12.290753564226112,0.0,3.3489050868201535,12.290753564226112,BASELINE
none,15,forearm_camera,1.2240416432326195,0.09874279500162979,1.483981315237683,0.0,0.0,0.7869627617764021,0.6064574105116514,0.17662220608405818,0.0,0.0,1.009106725212571,0.0,BASELINE
none,15,wrist_camera,0.41711049677446677,0.009106503655628354,1.928162008868124,0.17464089787661696,0.03690168287103178,0.0,0.0,0.5878556602461442,0.0,0.12889922002747178,0.5878556602461442,0.12889922002747178,BASELINE
none,16,upper_arm_camera,0.9465710443739265,0.21092517149207676,1.834972885586637,1.0341806102917857,0.15892912466088216,0.03572433980595211,2.3066070725317736,0.18996749106501395,12.92725762864732,10.384996997844675,2.314692217805578,16.58198276572085,BASELINE
none,16,forearm_camera,0.596513319490047,0.10201495190206845,1.1394828755457853,0.0,0.0,0.0,0.6858597204831721,0.0,0.0,0.0,0.6858597204831721,0.0,BASELINE
none,16,wrist_camera,1.24581493074795,0.025408207117606108,1.496282285335703,0.01810880953898386,0.0,0.20487631357676578,0.0,0.006491316820170213,0.0,0.0,0.20497912347081856,0.0,BASELINE
none,17,upper_arm_camera,1.119668925920859,0.07615927048159411,1.9590519069044436,0.7952568318824311,0.03982051853009745,0.4119730439990511,0.04226956767609918,0.31503484004082255,9.940710398530388,2.4444232557923606,0.520341672147172,10.236841714166959,BASELINE
none,17,forearm_camera,1.3445428791276306,0.0751752167395991,1.7654904273687118,0.21457239327523525,0.02390344519047008,1.08538055065376,0.03456547153129096,0.7093216799928391,2.6821549159404405,1.5935630126980054,1.2970670596648053,3.119839429929466,BASELINE
none,17,wrist_camera,0.4629800187694083,0.01620729825388622,1.3573565545577444,0.0,0.0,0.0,0.0,0.0,0.0,0.0,0.0,0.0,BASELINE
none,18,upper_arm_camera,1.7059905434512763,0.16393479275139625,1.9496781498181863,0.1189144215926583,0.04824685524313371,1.6864123777722302,1.5170744374060734,0.30558641808947085,1.4864302699082288,3.006179036661445,2.2888609864854383,3.3535931995044037,BASELINE
none,18,forearm_camera,0.9259432864953248,0.13409769637516036,1.460863808073083,0.0,0.0,0.04873089365661353,1.4643810747153074,0.1328769652588408,0.0,0.0,1.4712045812453585,0.0,BASELINE
none,18,wrist_camera,1.1519285504423524,0.08211904548435617,2.3195780699706314,1.2286141820499938,0.018142153369755054,0.10012655464773469,0.031164942178599647,1.1147508326057647,3.555983755994247,0.0,1.119672273195093,3.555983755994247,BASELINE
none,19,upper_arm_camera,1.0996076091059723,0.08424164460974087,1.0398463202903645,0.0,0.011318037165610348,0.3683674008302651,0.1780696679196641,0.0,0.0,0.5442578314932207,0.409149543110419,0.5442578314932207,BASELINE
none,19,forearm_camera,0.8871774589234347,0.06266416562747479,0.877594756399199,0.0,0.0,0.0,0.0,0.0,0.0,0.0,0.0,0.0,BASELINE
none,19,wrist_camera,0.4523103400295238,0.050727339994277684,1.3386177420203602,0.7597944073511568,0.03487909594476206,0.0,0.0,0.0,1.9417014709705274,0.08486529141451389,0.0,1.9435551754596472,BASELINE
none,20,upper_arm_camera,1.0635664021400046,0.084767096314138,1.440487744435619,0.0,0.015536239423197332,0.29002757773529586,0.18689831071680751,0.0,0.0,0.825471315332353,0.34503184548067356,0.825471315332353,HEALTHY
none,20,forearm_camera,1.3669975142994186,0.07978151271648053,1.862985430158158,0.7780832679790533,0.005353816687371754,1.140988798388671,0.14634206174549366,0.8938113979331228,9.726040849738165,0.3569211124914503,1.4567670548716802,9.73258769759192,HEALTHY
none,20,wrist_camera,0.5698817714537298,0.08115959858405712,1.507399847901644,0.0,0.0,0.0,0.016282571739338492,0.021456952179896165,0.0,0.0,0.026935533024186754,0.0,HEALTHY
none,21,upper_arm_camera,3.1014776931435186,0.1870897690136786,2.7529046626437848,1.6872928542812298,0.0856907995867047,4.719668631965434,1.906124492216678,1.11521087772215,21.091160678515372,5.50244199289951,5.210784765961512,21.797108217655317,DEGRADED
none,21,forearm_camera,1.053138587783118,0.0728439811402274,2.0066484874164785,0.0,0.0,0.3637263398358019,0.0,1.165664889432232,0.0,0.0,1.221094379949972,0.0,HEALTHY
none,21,wrist_camera,0.558665817915075,0.03156351194227707,1.8118679835898615,0.0,0.0,0.0,0.0,0.4313092979921513,0.0,0.0,0.4313092979921513,0.0,HEALTHY
none,22,upper_arm_camera,0.6772929195517675,0.0347036429156301,0.8272171651969105,0.0,0.008151290812988411,0.0,0.0,0.0,0.0,0.33314140798509156,0.0,0.33314140798509156,HEALTHY
none,22,forearm_camera,0.6125486479104456,0.03337536532531407,0.8899302528787253,0.0,0.0009081954499137665,0.0,0.0,0.0,0.0,0.06054636332758444,0.0,0.06054636332758444,HEALTHY
none,22,wrist_camera,0.4804952424428785,0.022611031641220445,0.9948078774478241,0.27246833682001237,0.0,0.0,0.0,0.0,0.2636966487677973,0.0,0.0,0.2636966487677973,HEALTHY
none,23,upper_arm_camera,1.4326263119373495,0.11316855953699846,3.7189777778283046,0.0,0.0,1.092222911323038,0.6640998719878574,2.0889790631066796,0.0,0.0,2.4490432936335207,0.0,HEALTHY
none,23,forearm_camera,1.6126100114255573,0.13287908538721327,3.9566311465896735,0.0,0.0,1.749240969153861,1.4348102043861053,4.8556155585577025,0.0,0.0,5.356820581584235,0.0,DEGRADED
none,23,wrist_camera,5.566235133675232,0.30934506037335024,6.882509762184655,6.089410599951331,0.2905489528769219,5.025202470104137,3.555759920765808,7.257029904298363,20.29311382599926,5.651077592311471,9.516331830676455,21.065259236697923,DEGRADED
none,24,upper_arm_camera,0.5129236536048111,0.12209559222210759,0.6564131961384188,0.0,0.028267795281872884,0.0,0.8140919305457023,0.0,0.0,1.674241705910723,0.8140919305457023,1.674241705910723,HEALTHY
none,24,forearm_camera,0.3998249027615863,0.024062742941914655,0.9215625136844183,0.2226603218575509,0.0,0.0,0.0,0.0,2.7832540232193863,0.0,0.0,2.7832540232193863,HEALTHY
none,24,wrist_camera,1.1739346008993965,0.12739213743658526,0.964051509372867,0.3501273089228969,0.02745098713301307,0.12467887494011716,0.7334142538953827,0.0,0.5310989848133905,0.0,0.7439363478640187,0.5310989848133905,HEALTHY
none,25,upper_arm_camera,2.9651487238425553,0.21801841327952828,3.7140244464719623,2.6389141871742265,0.1907802602760768,4.423341504301766,2.425787765050474,2.0839862769389854,32.98642733967783,12.508406038857652,5.458332634350641,35.27838729688158,DEGRADED
none,25,forearm_camera,1.2731807293943396,0.06562060565855615,2.449964217689648,0.0,0.0,0.9086542724975928,0.0,2.0045509009872906,0.0,0.0,2.2008809376195453,0.0,HEALTHY
none,25,wrist_camera,0.647905051815296,0.04237064749028165,2.3391704880800495,0.0,0.0,0.0,0.0,1.1411246878012469,0.0,0.0,1.1411246878012469,0.0,HEALTHY
none,26,upper_arm_camera,1.8344190397793443,0.1716201259483047,2.480158443688725,2.265150180589438,0.12603268525300831,1.9655668936627226,1.64620345345976,0.8402921510462383,28.314377257367973,8.191901037319752,2.698060400131116,29.475603506591636,HEALTHY
none,26,forearm_camera,0.7545457931970795,0.08590091304606592,1.3198989315395504,0.0,0.0,0.0,0.29483571183434687,0.0,0.0,0.0,0.29483571183434687,0.0,HEALTHY
none,26,wrist_camera,0.9256617976046005,0.0558652815462914,1.3752677752484619,0.0,0.0,0.0,0.0,0.0,0.0,0.0,0.0,0.0,HEALTHY
none,27,upper_arm_camera,0.663098560723613,0.030808285575467477,1.2952865390511095,0.0,0.0,0.0,0.0,0.0,0.0,0.0,0.0,0.0,HEALTHY
none,27,forearm_camera,0.3928886559908819,0.04595956851546008,1.4093952098981,0.0,0.0,0.0,0.0,0.03548297696806585,0.0,0.0,0.03548297696806585,0.0,HEALTHY
none,27,wrist_camera,1.8478175399029562,0.15825890090228167,1.7279990350534082,0.7513163211576068,0.10883241722647259,0.8765352696295741,1.212201154988468,0.31841116098095246,1.9125089644002924,1.6949099464622444,1.5294219125202841,2.55546674122911,HEALTHY
none,28,upper_arm_camera,0.7350567487546897,0.09543976909128359,1.7150415249625444,0.06048417927347227,0.010747688779574938,0.0,0.36622062493086943,0.06908084017905672,0.7560522409184034,0.5062346057575267,0.37267909601237487,0.9098837656889026,HEALTHY
none,28,forearm_camera,0.6909173457683428,0.06320566895789945,1.450705902608108,0.0,0.014512315959581634,0.0,0.0,0.1136551686489723,0.0,0.9674877306387757,0.1136551686489723,0.9674877306387757,HEALTHY
none,28,wrist_camera,2.090119551006322,0.11463366331185464,1.9188929680435087,0.6720385085163652,0.0,1.1468734930064075,0.5355123813636278,0.5753783672880125,1.639532491459499,0.0,1.3903785761789775,1.639532491459499,HEALTHY
none,29,upper_arm_camera,2.901066194594596,0.1681871766458573,2.8808069406839047,0.0,0.0,4.284050552988629,1.588523017982279,1.2441319368387644,0.0,0.0,4.7354364947155485,0.0,DEGRADED
none,29,forearm_camera,2.422918990171864,0.1653908602213902,2.79453547224713,0.0,0.0,3.7559474726093516,2.223742429109659,2.6565828179556634,0.0,0.0,5.109755774660894,0.0,DEGRADED
none,29,wrist_camera,1.7651773412375915,0.06880485285854673,4.220750129973264,2.766157847015493,0.12596559282068476,0.7843329623314613,0.0,3.6739671749776814,8.85019196723847,2.0679179102881724,3.756755647977804,9.088574274365751,HEALTHY
none,30,upper_arm_camera,0.6803151831986043,0.0537232245855665,1.8417894708922693,0.0,0.0,0.0,0.0,0.1968383725741393,0.0,0.0,0.1968383725741393,0.0,HEALTHY
none,30,forearm_camera,2.3388489263376835,0.20608281008788024,2.8544164236124265,2.1804843426552645,0.162504489831846,3.5477504165888396,3.2111751577210126,2.769895495644773,27.256054283190807,10.833632655456402,5.52905959171757,29.330190786996514,DEGRADED
none,30,wrist_camera,0.5668046042253015,0.03441462437558552,1.6865590336773195,0.0,0.0,0.0,0.0,0.262627715084186,0.0,0.0,0.262627715084186,0.0,HEALTHY
none,31,upper_arm_camera,1.3763826552038727,0.06580560196083052,1.5161445432576037,0.42540869077170185,0.002511044704015808,0.9699706759060812,0.0,0.0,5.317608634646273,0.0,0.9699706759060812,5.317608634646273,HEALTHY
none,31,forearm_camera,1.1613759499186374,0.06743605247012906,1.2594113823459159,0.0,0.0,0.6317730037765887,0.0,0.0,0.0,0.0,0.6317730037765887,0.0,HEALTHY
none,31,wrist_camera,0.39265763896792,0.017274627453828236,1.34746901339759,0.0,0.003408851251673062,0.0,0.0,0.0,0.0,0.0,0.0,0.0,HEALTHY
none,32,upper_arm_camera,0.5186276929962191,0.03434845829144298,1.0496224937085223,0.0,0.0,0.0,0.0,0.0,0.0,0.0,0.0,0.0,HEALTHY
none,32,forearm_camera,0.6206495792393266,0.03974054594631001,1.041837856825912,0.0,0.0,0.0,0.0,0.0,0.0,0.0,0.0,0.0,HEALTHY
none,32,wrist_camera,0.8802288792727719,0.047923461626296245,1.3523024995071415,0.6131446484798488,0.017666380950644205,0.0,0.0,0.0,1.4367438718568233,0.0,0.0,1.4367438718568233,HEALTHY
none,33,upper_arm_camera,0.6485649973861624,0.05832488966414544,1.453397694225026,0.0,0.03456730432657372,0.0,0.0,0.0,0.0,2.094208975557445,0.0,2.094208975557445,HEALTHY
none,33,forearm_camera,2.3425086503415704,0.22182460381853883,1.876628575354475,0.9678924355032593,0.05788120846851187,3.5568136161239288,3.593166249022878,0.9196283109755551,12.098655443790742,3.858747231234125,5.138821170590534,12.699109958659479,DEGRADED
none,33,wrist_camera,0.752992397887462,0.114575916692645,1.3319670209806647,0.0,0.0,0.0,0.5346166501059365,0.0,0.0,0.0,0.5346166501059365,0.0,HEALTHY
none,34,upper_arm_camera,0.9143188363944755,0.06329193616919777,2.1579211813028722,0.0,0.04224833541229073,0.0,0.0,0.5154881695206603,0.0,2.6062777146052456,0.5154881695206603,2.6062777146052456,HEALTHY
none,34,forearm_camera,0.30515650912151526,0.06368763475425,1.749609991876052,0.0,0.0,0.0,0.0,0.6792711442629522,0.0,0.0,0.6792711442629522,0.0,HEALTHY
none,34,wrist_camera,2.4910128669899274,0.17693008662864235,2.9907206388536864,2.0739101045284487,0.0733026251612931,1.5941532589197906,1.501817497939116,2.018193012554804,6.466582469831173,0.9213875296448834,2.978234954795496,6.531894351481271,HEALTHY
none,35,upper_arm_camera,1.1768666026958847,0.07757632307136011,1.1862565359212915,0.0,0.0,0.5362989547331131,0.06607889408063555,0.0,0.0,0.0,0.5403545031650514,0.0,HEALTHY
none,35,forearm_camera,1.0439314538336837,0.1280621269448613,1.870171651004636,1.504665271517714,0.17449939931595923,0.34092514170135496,1.31792166908748,0.9074098780509859,18.808315893971425,11.633293287730616,1.6360134977679504,22.11529469588358,HEALTHY
none,35,wrist_camera,1.05386015802224,0.07345646126334925,1.0494214945702667,0.0,0.0,0.0,0.0,0.0,0.0,0.0,0.0,0.0,HEALTHY
none,36,upper_arm_camera,1.9903156564157354,0.12914898606786687,1.8344884940718438,0.892594341646489,0.016593149184655,2.304426615534171,0.9326030977008763,0.18947924122246892,11.157429270581112,0.8959319660961975,2.4931973341630598,11.193342754329162,HEALTHY
none,36,forearm_camera,0.6352262652402177,0.061199592122594834,1.217172379297351,0.0,0.0,0.0,0.0,0.0,0.0,0.0,0.0,0.0,HEALTHY
none,36,wrist_camera,0.6350367452974819,0.05815694399977965,1.5592102671998478,0.06675966103050057,0.04702078890921067,0.0,0.0,0.09120028291920916,0.0,0.3492032213659537,0.09120028291920916,0.3492032213659537,HEALTHY
none,37,upper_arm_camera,1.878479238081778,0.1306078619072155,2.0545317513782053,0.2136361686033208,0.027520363427736325,2.0613369422019185,0.9571151386043681,0.4112752109119793,2.67045210754151,1.6244129156349525,2.30961613194546,3.125705005139567,HEALTHY
none,37,forearm_camera,1.8075440274270342,0.11424398359352757,1.9903259876291408,0.021018877356127064,0.004865959597788322,2.2319893625630995,0.9826099664406971,1.1347778357813934,0.2627359669515883,0.3243973065192215,2.689799174162287,0.4174491595474973,HEALTHY
none,37,wrist_camera,0.5703215877011242,0.0068062616087426146,1.9051013465239492,0.0,0.0,0.0,0.0,0.5568131127678003,0.0,0.0,0.5568131127678003,0.0,HEALTHY
none,38,upper_arm_camera,0.28913993057918863,0.04588335556166982,0.8391121688688157,0.0,0.0,0.0,0.0,0.0,0.0,0.0,0.0,0.0,HEALTHY
none,38,forearm_camera,1.3920837822032481,0.1435709030953277,1.4785137535271349,1.0922601978303612,0.09341836745567006,1.2031142076713468,1.6942583450620259,0.16627594331222592,13.653252472879515,6.227891163711337,2.0846205472069346,15.006596264150787,HEALTHY
none,38,wrist_camera,0.46842525765233217,0.011024679074376698,1.0256551403550929,0.0,0.0,0.0,0.0,0.0,0.0,0.0,0.0,0.0,HEALTHY
none,39,upper_arm_camera,0.9022495048159818,0.030927591780360943,1.6095703337448368,0.0,0.0,0.0,0.0,0.0,0.0,0.0,0.0,0.0,HEALTHY
none,39,forearm_camera,1.7827566414610387,0.14346433237800302,2.0506765777093205,1.102535743776916,0.1077662562328271,2.1706041256642283,1.6916722951297116,1.2489792104453603,13.78169679721145,7.184417082188474,3.022122845382813,15.541911575514446,HEALTHY
none,39,wrist_camera,0.40385419014791535,0.04895084441477048,1.3892470778968882,0.0,0.0,0.0,0.0,0.0,0.0,0.0,0.0,0.0,HEALTHY
none,40,upper_arm_camera,1.0543375873998724,0.1126073998760315,2.07280645791639,0.0,0.0,0.2699676581326895,0.654671263882898,0.42969548112178024,0.0,0.0,0.8283207148732658,0.0,HEALTHY
none,40,forearm_camera,2.167040316762495,0.109791516573564,2.970840930615083,0.7011419938771333,0.009801714888633864,3.1222714163220573,0.8745661967761906,2.9902054996830705,8.764274923464166,0.6534476592422577,4.41075659723592,8.788601070559068,DEGRADED
none,40,wrist_camera,2.085433176171321,0.06859103180711265,3.167733409436643,1.2918194303418125,0.03946864616674588,1.1416448684431901,0.0,2.2564744310623985,3.773617734218719,0.18478481735209534,2.5288396279086274,3.778139255339044,HEALTHY
none,41,upper_arm_camera,0.8924620387905847,0.05333912928594739,1.332507561797572,0.0,0.0,0.0,0.0,0.0,0.0,0.0,0.0,0.0,HEALTHY
none,41,forearm_camera,1.1120503889282958,0.079982839254435,1.7880573802423916,0.98194965834911,0.08286616527831814,0.5096196935923036,0.15122746078305546,0.7520251073616062,12.274370729363874,5.5244110185545425,0.9209363382418132,13.460285803198662,HEALTHY
none,41,wrist_camera,0.6237768684922599,0.04419389106655792,1.2616575403381012,0.0,0.0,0.0,0.0,0.0,0.0,0.0,0.0,0.0,HEALTHY
none,42,upper_arm_camera,0.404049519073672,0.02548954487486904,0.8550500029106951,0.0,0.0,0.0,0.0,0.0,0.0,0.0,0.0,0.0,HEALTHY
none,42,forearm_camera,1.0943255153430862,0.11534408810114993,1.5411665466436602,1.3042265739536767,0.06874673197531943,0.46572456219267694,1.0093051530631931,0.2848337749910606,16.30283217442096,4.5831154650212955,1.147487054046857,16.934795076204868,HEALTHY
none,42,wrist_camera,0.5234167857160454,0.047461480769475047,0.9230565164229485,0.0,0.0,0.0,0.0,0.0,0.0,0.0,0.0,0.0,HEALTHY
none,43,upper_arm_camera,0.46395145207453853,0.02882102795376222,1.354956054098776,0.3390404880208253,0.0,0.0,0.0,0.0,4.238006100260316,0.0,0.0,4.238006100260316,HEALTHY
none,43,forearm_camera,1.2739350626162513,0.14098592823463438,1.2279699045362198,0.0,0.062651140457427,0.9105223566752171,1.631531226099655,0.0,0.0,4.176742697161799,1.8684071033218737,4.176742697161799,HEALTHY
none,43,wrist_camera,1.1949240576073665,0.04965936973158969,1.1429017156405068,0.0,0.0,0.14809697374267702,0.0,0.0,0.0,0.0,0.14809697374267702,0.0,HEALTHY
none,44,upper_arm_camera,0.7988015258564621,0.04447480675912265,1.556567028551474,0.0,0.0,0.0,0.0,0.0,0.0,0.0,0.0,0.0,HEALTHY
none,44,forearm_camera,1.5781932850325588,0.09601272127071991,1.9143394375861598,0.0,0.04489781357118451,1.6640089521184174,0.5402093156853455,0.9909885462425215,0.0,2.993187571412301,2.010674065150125,2.993187571412301,HEALTHY
none,44,wrist_camera,1.5352601520293223,0.07732332003042701,2.66641531169926,1.8619241572608862,0.03506693154516251,0.5278125803035824,0.0,1.5816373158701336,5.7366534484544065,0.08895467778974375,1.6673819954886182,5.737343089127973,HEALTHY
none,45,upper_arm_camera,1.6242682282037426,0.12433982883832724,2.475505070180702,0.10298604219614038,0.008727341783555637,1.5087792667210835,0.8517996080945006,0.8356017119836022,1.2873255274517548,0.37154480602290657,1.9235923864237148,1.3398703506352911,HEALTHY
none,45,forearm_camera,2.292473939912764,0.13632355257060647,2.8394380287014114,1.1947849177582686,0.06289735913073352,3.4329041180811664,1.518393803615669,2.7415518906058645,14.934811471978357,4.193157275382235,4.648274647187027,15.51229066384547,DEGRADED
none,45,wrist_camera,0.5644681464673283,0.0371312762728336,2.008586069463852,0.0,0.0,0.0,0.0,0.6961165454793367,0.0,0.0,0.6961165454793367,0.0,HEALTHY
none,46,upper_arm_camera,0.41825369589613604,0.04689704818067545,0.7972863475360166,0.294215541915537,0.0,0.0,0.0,0.0,3.6776942739442124,0.0,0.0,3.6776942739442124,HEALTHY
none,46,forearm_camera,0.8961163741824696,0.0444716485905025,0.5596752175321231,0.0,0.001615717590630332,0.0,0.0,0.0,0.0,0.10771450604202214,0.0,0.10771450604202214,HEALTHY
none,46,wrist_camera,1.2545457055472788,0.09496420000264902,0.740681935624373,0.12440230618060621,0.030058686382878064,0.21461730638654852,0.23041134949014494,0.0,0.0,0.0,0.3148808952199027,0.0,HEALTHY
none,47,upper_arm_camera,0.5527738288367354,0.029687859110547672,0.9901087232269735,0.0,0.0,0.0,0.0,0.0,0.0,0.0,0.0,0.0,HEALTHY
none,47,forearm_camera,1.174709633063852,0.11269319831135724,1.319963049747087,0.3254895314011861,0.06575699208934126,0.6647934803902315,0.9449785393970694,0.0,4.068619142514826,4.3837994726227505,1.155393790657703,5.980916279551619,HEALTHY
none,47,wrist_camera,1.3610975986296672,0.06847678509128334,1.3243278448660143,0.33858391675796806,0.0,0.33349807564703543,0.0,0.0,0.49135174187148045,0.0,0.33349807564703543,0.49135174187148045,HEALTHY
none,48,upper_arm_camera,1.1718116360868798,0.065363143876046,1.3286962455641573,0.024769905543394977,0.01914889599648513,0.5253113873557398,0.0,0.0,0.3096238192924372,1.0663150868848728,0.5253113873557398,1.1103579485875397,HEALTHY
none,48,forearm_camera,0.44507340030877046,0.038132898915260754,1.2066922778766478,0.0,0.0,0.0,0.0,0.0,0.0,0.0,0.0,0.0,HEALTHY
none,48,wrist_camera,1.1453263142109995,0.15416851089627728,1.425930307708272,0.31647209197573867,0.06289271491801103,0.09276038874192759,1.1487534547651046,0.0,0.41521432412191744,0.6947524028345888,1.1524925117129035,0.8093724953323133,HEALTHY
none,49,upper_arm_camera,0.701601632415914,0.06265276670213052,2.8302218493119695,0.0,0.0,0.0,0.0,1.1931439196188134,0.0,0.0,1.1931439196188134,0.0,HEALTHY
none,49,forearm_camera,3.1957235119717504,0.18499700216793685,3.2270352498205725,0.5416915153619106,0.019449129292515827,5.669775284557079,2.6995059721037706,3.4750018106304057,6.771143942023882,1.296608619501055,7.17699950220723,6.894170305103519,DEGRADED
none,49,wrist_camera,2.292026242206557,0.11263056346147071,3.082157134967265,0.10705717080198784,0.0,1.3721423462792817,0.5044414862563003,2.1412780189391145,0.0,0.0,2.592741287884523,0.0,HEALTHY
none,50,upper_arm_camera,0.6261088133329956,0.028419954929722623,1.5485906577636819,0.0,0.0,0.0,0.0,0.0,0.0,0.0,0.0,0.0,HEALTHY
none,50,forearm_camera,0.5646065195343988,0.07014051085366985,1.4191217992983596,0.0,0.0,0.0,0.0,0.05388859452418018,0.0,0.0,0.05388859452418018,0.0,HEALTHY
none,50,wrist_camera,1.9259492639342282,0.14110054884325512,2.2275353387415713,1.4873582204211009,0.07152358638009632,0.9637074369912906,0.9460509893147852,0.990849757624876,4.446914429228521,0.8826559104133764,1.6749709671158726,4.533666220297706,HEALTHY
none,51,upper_arm_camera,3.1684803568690145,0.19622007602859648,3.3807935991744085,1.5623641627118865,0.13442409876383687,4.8653068406997715,2.0595319673250683,1.7481011432085947,19.529552033898582,8.751328604708323,5.564956440573551,21.40068118056849,DEGRADED
none,51,forearm_camera,0.9917822433322023,0.07932139787739294,2.7479474157921104,0.0,0.0,0.2117791460278263,0.13517689387997006,2.5684242749651607,0.0,0.0,2.5806833311279442,0.0,HEALTHY
none,51,wrist_camera,2.3368790439407934,0.09675249781477945,2.4512756198448202,0.0,0.0,1.4221849632558867,0.2581503629650439,1.292032273343905,0.0,0.0,1.9387106733528732,0.0,HEALTHY
none,52,upper_arm_camera,0.22366473890102792,0.026132591996711453,0.8510339648201808,0.0,0.0,0.0,0.0,0.0,0.0,0.0,0.0,0.0,HEALTHY
none,52,forearm_camera,0.6169759628785689,0.0848741374527975,1.1231276240865293,0.10779258184174911,0.0,0.0,0.26991992802307485,0.0,1.3474072730218638,0.0,0.26991992802307485,1.3474072730218638,HEALTHY
none,52,wrist_camera,0.9973849355947156,0.17726672794410928,1.287428701511129,0.6006958141155477,0.09739363988400934,0.0,1.5070392780713748,0.0,1.3938789291474525,1.4458752580760617,1.5070392780713748,2.0083460187521887,HEALTHY
none,53,upper_arm_camera,0.39603907359311114,0.02273083726975188,1.7712867677482214,0.0,0.0,0.0,0.0,0.1257740936637683,0.0,0.0,0.1257740936637683,0.0,HEALTHY
none,53,forearm_camera,3.1308870312770214,0.19877382616857156,2.9573835288380383,2.32397443324499,0.14183713822302263,5.509209635053134,3.0338150174844594,2.964740068768443,29.049680415562374,9.455809214868175,6.953064650831145,30.549897874695,DEGRADED
none,53,wrist_camera,0.8495440191300655,0.03705068166748882,1.8195058566828655,0.0,0.0,0.0,0.0,0.4415908343411294,0.0,0.0,0.4415908343411294,0.0,HEALTHY
none,54,upper_arm_camera,1.0051745708341477,0.05894153376256484,2.1384482632737383,0.974548699517992,0.09116097257430386,0.16310603098988435,0.0,0.49586014369597964,12.1818587439749,5.867120192072788,0.5219969918030857,13.521123540829953,HEALTHY
none,54,forearm_camera,1.918340413865422,0.1039069647966037,1.703251247864241,0.0,0.0,2.5063733753988875,0.731771392475998,0.5915465290303585,0.0,0.0,2.677185866495365,0.0,HEALTHY
none,54,wrist_camera,1.6646349832486427,0.10453319396988679,1.5990965791652438,0.0,0.0,0.6721570777439626,0.37883990025944836,0.144892267756523,0.0,0.0,0.785053231599947,0.0,HEALTHY
none,55,upper_arm_camera,0.4941528381878494,0.028614970979976617,2.260792272337148,0.2812590639077688,0.024754389583753977,0.0,0.0,0.6191786605098856,3.5157382988471095,1.4400146593694627,0.6191786605098856,3.7992180781286193,HEALTHY
none,55,forearm_camera,2.80010512487072,0.21714487140613076,2.53796827349783,1.1127870673898148,0.09764979925810201,4.690037911400361,3.479607646883725,2.171080907337626,13.909838342372685,6.509986617206801,6.230386608616701,15.357849083356463,DEGRADED
none,55,wrist_camera,1.076136543670373,0.07050505960521244,1.702357207268697,0.0,0.0,0.015564827885338655,0.0,0.2838940406763187,0.0,0.0,0.2843204006022563,0.0,HEALTHY
none,56,upper_arm_camera,0.1848757477988552,0.018712127037507475,1.966199253579289,0.0,0.0,0.0,0.0,0.32223911753543943,0.0,0.0,0.32223911753543943,0.0,HEALTHY
none,56,forearm_camera,3.3850923496447756,0.18998733313728128,2.9894425418381694,2.281483239778036,0.14922402718682892,6.138741676486003,2.820601573123161,3.0254053141309294,28.518540497225448,9.948268479121928,7.402230739425967,30.203893752703124,DEGRADED
none,56,wrist_camera,0.8286658738902863,0.034378125140486326,1.7312025903190142,0.0,0.0,0.0,0.0,0.32272354867163794,0.0,0.0,0.32272354867163794,0.0,HEALTHY
none,57,upper_arm_camera,0.5919563634548067,0.03555560482147937,1.278325145807111,0.0,0.0,0.0,0.0,0.0,0.0,0.0,0.0,0.0,HEALTHY
none,57,forearm_camera,0.9380570504858802,0.04844281346758278,1.462035261866113,0.0,0.0,0.07873027613758085,0.0,0.13509370636015589,0.0,0.0,0.15636101137695343,0.0,HEALTHY
none,57,wrist_camera,1.4459046521721857,0.11778537444565015,1.6772850616236465,0.6142097155740691,0.062186438269084154,0.4281179596509201,0.5843998524639763,0.2501437840724776,1.4404112063750099,0.6793759880383143,0.7664072596509525,1.5925878866090082,HEALTHY
none,58,upper_arm_camera,0.740248997828815,0.02704958855167981,1.5478224878247944,0.0,0.0,0.0,0.0,0.0,0.0,0.0,0.0,0.0,HEALTHY
none,58,forearm_camera,0.8458837265945713,0.031248876837830956,1.6463754920546663,0.0,0.0,0.0,0.0,0.48392058055369735,0.0,0.0,0.48392058055369735,0.0,HEALTHY
none,58,wrist_camera,1.5214661118419601,0.11045349825928473,2.1439777216703204,1.0937574634611804,0.08533195628409435,0.5124224632324974,0.4706721439412037,0.878370711862914,3.091633010605583,1.1832792194621373,1.12055528884836,3.310339013375679,HEALTHY
none,59,upper_arm_camera,1.8692002459718207,0.14268637475913581,2.2296905978025916,1.6939484804291505,0.14051716313795268,2.0411679561554723,1.1600583864765215,0.5878292515491047,21.17435600536438,9.157532896316043,2.420257282655544,23.069758581073646,HEALTHY
none,59,forearm_camera,0.30892760602854846,0.04653118342836088,1.3443358421093767,0.0,0.0,0.0,0.0,0.0,0.0,0.0,0.0,0.0,HEALTHY
none,59,wrist_camera,0.6850650303320213,0.02277347582091702,1.421096873066656,0.0,0.0,0.0,0.0,0.0,0.0,0.0,0.0,0.0,HEALTHY
none,60,upper_arm_camera,2.320751124758516,0.19854044256871486,2.4064322813096526,1.3803563554809724,0.13561360979277007,3.022667160550328,2.0985187803275176,0.7659787370542525,17.254454443512152,8.830629339970537,3.7585929894677212,19.382884529480766,HEALTHY
none,60,forearm_camera,0.3694133576822197,0.04166653068330353,1.568480680012633,0.0,0.0,0.0,0.0,0.33652028831839365,0.0,0.0,0.33652028831839365,0.0,HEALTHY
none,60,wrist_camera,1.1451084621149923,0.07501591951438791,1.8640275271256996,0.0,0.0,0.0925173294774777,0.0,0.5015225937984192,0.0,0.0,0.5099846746167362,0.0,HEALTHY
none,61,upper_arm_camera,0.6286547202447327,0.027535191508710203,0.7403376642287187,0.1687574328184238,0.0,0.0,0.0,0.0,2.109467910230298,0.0,0.0,2.109467910230298,HEALTHY
none,61,forearm_camera,0.7398446643118003,0.211998085499164,0.6991615679898333,0.045229144101767704,0.16134627999342752,0.0,3.354715503145983,0.0,0.5653643012720962,10.756418666228502,3.354715503145983,10.771266374774223,HEALTHY
none,61,wrist_camera,0.2821087185118733,0.02110540203248244,0.6127563276491803,0.0,0.0,0.0,0.0,0.0,0.0,0.0,0.0,0.0,HEALTHY
none,62,upper_arm_camera,0.8169183719714638,0.05804236548123905,1.3072379258467717,0.0,0.0,0.0,0.0,0.0,0.0,0.0,0.0,0.0,HEALTHY
none,62,forearm_camera,1.0256565971652252,0.052174158716526295,1.3564926849274088,0.0,0.0,0.2956679932700847,0.0,0.0,0.0,0.0,0.2956679932700847,0.0,HEALTHY
none,62,wrist_camera,1.2161680931396972,0.08079156228307485,2.0773506652875504,1.4909707198009206,0.11720037041815748,0.17179910810389207,0.010573811239297938,0.7886823269312082,4.459353311008301,1.8770894358544783,0.8072462770697938,4.838315481921077,HEALTHY
none,63,upper_arm_camera,0.9871138179142933,0.021096280481583456,1.2426949341647882,0.0,0.0,0.12384884989605036,0.0,0.0,0.0,0.0,0.12384884989605036,0.0,HEALTHY
none,63,forearm_camera,1.1577831286841744,0.07818852699082875,1.1873826226785116,0.0,0.022817212997440425,0.6228754869946515,0.10768659679775425,0.0,0.0,1.5211475331626951,0.632115713638497,1.5211475331626951,HEALTHY
none,63,wrist_camera,0.6989133842250046,0.0436446984844705,1.5831580131275573,0.7362384694118148,0.01925010013103147,0.0,0.0,0.12343695630114383,1.860591553311817,0.0,0.12343695630114383,1.860591553311817,HEALTHY
none,64,upper_arm_camera,0.9815350522575251,0.1707975191979377,1.3582180515905367,0.0979843082520424,0.09951346435060651,0.11172274337991207,1.6323820097367032,0.0,1.22480385315053,6.423952977159631,1.6362007814141795,6.5396724942041615,HEALTHY
none,64,forearm_camera,0.3027301215529362,0.05077630973085149,1.2676177335933794,0.0,0.0,0.0,0.0,0.0,0.0,0.0,0.0,0.0,HEALTHY
none,64,wrist_camera,1.2118284898902036,0.10528949917392261,1.3508340613356515,0.07583233748738683,0.0,0.16695737927429538,0.3905712573653953,0.0,0.0,0.0,0.4247595479493389,0.0,HEALTHY
none,65,upper_arm_camera,0.25632357772811015,0.035189517671876606,0.6698334175222133,0.0,0.0,0.0,0.0,0.0,0.0,0.0,0.0,0.0,HEALTHY
none,65,forearm_camera,0.3851918273371781,0.042231590920180286,0.6149430070936038,0.0,0.017328240973201944,0.0,0.0,0.0,0.0,1.1552160648801297,0.0,1.1552160648801297,HEALTHY
none,65,wrist_camera,0.8332793058752186,0.09905518805199577,0.9368527352127696,0.588929045809722,0.024722622237232428,0.0,0.29386832620661796,0.0,1.3533625374481582,0.0,0.29386832620661796,1.3533625374481582,HEALTHY
none,66,upper_arm_camera,0.5235688376962054,0.10742126808587323,0.6661457792727941,0.2151968719809037,0.012466030008695644,0.0,0.567533845370286,0.0,2.6899608997612963,0.6207906876989071,0.567533845370286,2.7606649054490995,HEALTHY
none,66,forearm_camera,0.7677794007782915,0.048062752848821215,0.5915439230047032,0.0,0.05387377889501304,0.0,0.0,0.0,0.0,3.591585259667536,0.0,3.591585259667536,HEALTHY
none,66,wrist_camera,0.9241453763532372,0.06206335272870129,0.5255507635599813,0.0,0.0,0.0,0.0,0.0,0.0,0.0,0.0,0.0,HEALTHY
none,67,upper_arm_camera,1.522467970495396,0.12541231210465928,1.4892576884559312,0.9769875356330397,0.07849709227820927,1.2875043746947248,0.8698194785890173,0.0,12.212344195412996,5.022861505666482,1.5537868065442324,13.204941819347166,HEALTHY
none,67,forearm_camera,0.643822909812116,0.088087688027709,0.9826825726393325,0.0,0.0027138006442240237,0.0,0.34790009420155926,0.0,0.0,0.18092004294826824,0.34790009420155926,0.18092004294826824,HEALTHY
none,67,wrist_camera,0.26300698779592774,0.014319143726469728,1.01884526863949,0.0,0.0,0.0,0.0,0.0,0.0,0.0,0.0,0.0,HEALTHY
none,68,upper_arm_camera,0.5855995082088217,0.023013445149949584,1.091932499198253,0.2977922739260229,0.0,0.0,0.0,0.0,3.7224034240752863,0.0,0.0,3.7224034240752863,HEALTHY
none,68,forearm_camera,0.8704031876370144,0.14227501968529885,1.1208942750841062,0.3846776015835821,0.09190800416886699,0.0,1.6628123785815472,0.0,4.808470019794776,6.127200277924467,1.6628123785815472,7.788707670535777,HEALTHY
none,68,wrist_camera,0.3422663947087028,0.024675584529706918,0.7651784493863771,0.0,0.0,0.0,0.0,0.0,0.0,0.0,0.0,0.0,HEALTHY
none,69,upper_arm_camera,0.6514352853325623,0.07918033415850018,0.6139713784837852,0.2002468326139571,0.003957237789533594,0.0,0.09302949831792738,0.0,2.5030854076744635,0.0535378730881037,0.09302949831792738,2.5036578963523817,HEALTHY
none,69,forearm_camera,0.24656034511973504,0.04976391319150363,0.413286282223309,0.0,0.0,0.0,0.0,0.0,0.0,0.0,0.0,0.0,HEALTHY
none,69,wrist_camera,0.22166352784664006,0.05943058830039499,0.6144096421303044,0.20156162355351454,0.05421872209066095,0.0,0.0,0.0,0.019544295789739936,0.5059100959908099,0.0,0.5062874724139906,HEALTHY
none,70,upper_arm_camera,1.0171649177150666,0.03714707486836098,0.7252103708388932,0.0,0.0,0.18916846708935967,0.0,0.0,0.0,0.0,0.18916846708935967,0.0,HEALTHY
none,70,forearm_camera,0.964926597121441,0.09148275049471562,0.6619813236452687,0.0,0.04621749938447227,0.14527192308058196,0.43028483630906517,0.0,0.0,3.081166625631485,0.45414642131481064,3.081166625631485,HEALTHY
none,70,wrist_camera,0.2196263773692537,0.035781965761571076,0.9554272906297118,0.5236628867752617,0.0,0.0,0.0,0.0,1.1286322465628165,0.0,0.0,1.1286322465628165,HEALTHY
none,71,upper_arm_camera,1.4014818610419197,0.17040183669826636,1.8527922988494976,0.0,0.03997537465005316,1.0245267663009865,1.6257337499224407,0.20792884144818716,0.0,2.4547469971227414,1.932847568643224,2.4547469971227414,HEALTHY
none,71,forearm_camera,0.44834135413882675,0.04861186895674829,1.476419551791098,0.0,0.0,0.0,0.0,0.16231308699613475,0.0,0.0,0.16231308699613475,0.0,HEALTHY
none,71,wrist_camera,1.5690763847047837,0.09833906056498881,2.346626793879471,1.3640417371183469,0.013412328879361918,0.5655416120237606,0.28276018198305236,1.1511618117718023,4.022300056733382,0.0,1.3133789066096886,4.022300056733382,HEALTHY
none,72,upper_arm_camera,4.81852368047727,0.3101560899973318,4.4928254067535836,3.4081420874888875,0.2517694510759271,8.451871025205715,3.973885580878247,2.868990626971348,42.60177609361109,16.574352092181005,9.770209703699988,45.7123667469292,DEGRADED
none,72,forearm_camera,0.43415294633592416,0.02870580792268786,3.023801360036952,0.0,0.0,0.0,0.0,3.0904224790818806,0.0,0.0,3.0904224790818806,0.0,HEALTHY
none,72,wrist_camera,1.0572069220644307,0.0315708257326062,2.553707365981328,0.0,0.0,0.0,0.0,1.4299182670450112,0.0,0.0,1.4299182670450112,0.0,HEALTHY
none,73,upper_arm_camera,1.3834166296297064,0.09029259165541481,1.8386160608519073,0.0,0.042100073713604386,0.9852598506746918,0.2797377177206994,0.19363968534445264,0.0,2.5963936013594897,1.0423466274744695,2.5963936013594897,HEALTHY
none,73,forearm_camera,1.6749403248716481,0.1268640136381161,2.424095173428017,1.5428840579689407,0.031110418152668323,1.9036001687127857,1.2888481964338823,1.955598928653693,19.28605072461176,2.074027876844555,3.0181435428961443,19.397250944044263,HEALTHY
none,73,wrist_camera,0.6723711249888896,0.07111977628312485,1.4666902280351861,0.0,0.0,0.0,0.0,0.0,0.0,0.0,0.0,0.0,HEALTHY
none,74,upper_arm_camera,0.22173216048277555,0.018312498994263602,1.0897115728619213,0.0,0.0,0.0,0.0,0.0,0.0,0.0,0.0,0.0,HEALTHY
none,74,forearm_camera,1.432367832050199,0.18047879162334063,1.3229994691001334,0.5090794017808934,0.16642713415852292,1.3028764797597947,2.5898668670441913,0.0,6.363492522261168,11.095142277234862,2.8991201269565514,12.790473768901533,HEALTHY
none,74,wrist_camera,0.6570295699746699,0.031288611242551514,1.047207963557452,0.0,0.0,0.0,0.0,0.0,0.0,0.0,0.0,0.0,HEALTHY
none,75,upper_arm_camera,0.4794387995245947,0.03744731016786717,1.2065052840342214,0.1861816964427665,0.005649236184181644,0.0,0.0,0.0,2.327271205534581,0.1663377660646404,0.0,2.333207988270604,HEALTHY
none,75,forearm_camera,1.2489190541657336,0.05932005701662848,1.3480360409523646,0.6107739671971966,0.0,0.8485709428752373,0.0,0.0,7.634674589964957,0.0,0.8485709428752373,7.634674589964957,HEALTHY
none,75,wrist_camera,0.31048554292303304,0.07339390279916569,0.8787928306733115,0.0,0.030988481645554962,0.0,0.0,0.0,0.0,0.00016236463954252345,0.0,0.00016236463954252345,HEALTHY
none,76,upper_arm_camera,1.0837318935718747,0.0755947663169443,1.5142285044503714,0.0,0.0,0.33385965674662105,0.03278476519951147,0.0,0.0,0.0,0.33546551422189247,0.0,HEALTHY
none,76,forearm_camera,1.093018353081172,0.04255108398989027,1.5866451641929658,0.0,0.0,0.4624874130546859,0.0,0.370892927603277,0.0,0.0,0.5928373899984255,0.0,HEALTHY
none,76,wrist_camera,2.2760153216686136,0.2079339146894603,2.7626144642279096,2.424355259812482,0.17342547468115482,1.3542788386957283,1.982730463620111,1.7111334558845772,7.673266651211556,3.1011714247255857,2.9484350032099687,8.276248262717226,HEALTHY
none,77,upper_arm_camera,1.335864128076722,0.10600387108279845,3.4586632624273266,0.0,0.0,0.8818988682608216,0.5437187321311988,1.8265910623363155,0.0,0.0,2.0999549001149966,0.0,HEALTHY
none,77,forearm_camera,2.052424704128797,0.09110927147789691,4.299879724114149,0.7393603854548307,0.0,2.838429201435795,0.4212219772947794,5.505144574805384,9.242004818185384,0.0,6.2081176756911365,9.242004818185384,DEGRADED
none,77,wrist_camera,3.9268532948567088,0.18338873334554284,4.40173580034614,1.0449286141508054,0.022286060488487774,3.1961315031554456,1.602000189599563,3.917596615520143,2.9235011384155367,0.0,5.3036991274840055,2.9235011384155367,DEGRADED
none,78,upper_arm_camera,0.6345920607431337,0.05474371279060895,1.8161392577761464,0.0,0.0,0.0,0.0,0.1709838476026595,0.0,0.0,0.1709838476026595,0.0,HEALTHY
none,78,forearm_camera,1.31711327564299,0.10929028546959542,1.5605548932600395,0.0,0.0,1.017451939292455,0.8624032997343816,0.3215223282116722,0.0,0.0,1.371978318961849,0.0,HEALTHY
none,78,wrist_camera,2.432936404828721,0.1814860619217421,2.24363931167004,1.1105844723038942,0.039847477997224004,1.5293569019717885,1.5724870805943922,1.012527727527082,3.149573276248558,0.1930324004660413,2.4159595508319627,3.155483058121016,HEALTHY
none,79,upper_arm_camera,1.1824092499969043,0.0569058582906926,1.747828396741224,0.0,0.0,0.5483465537341591,0.0,0.1021288694995519,0.0,0.0,0.557776163866282,0.0,HEALTHY
none,79,forearm_camera,1.0970902970658767,0.07562006972969042,2.210961439112623,0.0,0.0,0.47257146332456673,0.04536029466653054,1.5522861289984589,0.0,0.0,1.623260167244295,0.0,HEALTHY
none,79,wrist_camera,3.1381155842143236,0.17861271020811628,2.9704282782368185,1.98206672061979,0.10518032381228323,2.316130753535537,1.527917355483876,1.990876946845359,6.150339095208972,1.6153998801211835,3.415052580875181,6.358945491097675,HEALTHY
medium,0,upper_arm_camera,0.5630184080432469,0.02850522755302868,1.70991034686336,0.0,0.0,0.0,0.0,0.04101129994902951,0.0,0.0,0.04101129994902951,0.0,BASELINE
medium,0,forearm_camera,2.4308038886859635,0.1359844357579851,2.5940462907700605,1.330419910657073,0.11308026478408371,1.0974116036262582,0.47292344817870924,0.6541694376569263,16.63024888321341,0.8661454177758916,1.3623165817001477,16.65278912982312,BASELINE
medium,0,wrist_camera,0.9597777386543118,0.04860769993166242,2.147762324019688,0.0,0.0,0.0,0.0,0.4014134468630652,0.0,0.0,0.4014134468630652,0.0,BASELINE
medium,1,upper_arm_camera,0.5635966239331083,0.05416819681362886,1.5972630041935763,0.0,0.0,0.0,0.0,0.0,0.0,0.0,0.0,0.0,BASELINE
medium,1,forearm_camera,2.524972168784063,0.15849058511034286,2.3572287764545266,1.713053775780942,0.09715338523512934,1.1921716855728588,0.7335353438368473,0.4227173549009558,21.413172197261776,0.6491532939007485,1.4622029239041803,21.423009675313292,BASELINE
medium,1,wrist_camera,0.7487786359578872,0.03917150614269235,1.4041407729345345,0.0,0.0,0.0,0.0,0.0,0.0,0.0,0.0,0.0,BASELINE
medium,2,upper_arm_camera,0.5942191340532267,0.11469956274144548,2.702774381154757,1.1868467078009892,0.037014983614197555,0.0,0.6924940880608685,1.2601882893026526,14.835583847512366,2.4676655742798372,1.4379230113239025,15.039412271862743,BASELINE
medium,2,forearm_camera,2.877707504969323,0.19310935709921961,2.408552990679111,0.30418253637405135,0.08418344160420176,1.5471237918187861,1.1344063969933864,0.4728787473656451,3.8022817046756416,0.47244726643533513,1.9758755554086287,3.831520922724202,BASELINE
medium,2,wrist_camera,1.5677725989506806,0.08610944310198024,1.8101490638294138,0.0,0.0,1.3323770120555496,0.21373706711513485,0.06109520359660972,0.0,0.0,1.3507940849794853,0.0,BASELINE
medium,3,upper_arm_camera,0.4744430110296173,0.02155818640197284,2.3334238916509453,0.0,0.0,0.0,0.0,0.8066482251478222,0.0,0.0,0.8066482251478222,0.0,BASELINE
medium,3,forearm_camera,3.4672436865574503,0.23267684564426255,4.1509078596826825,3.413582792234733,0.20387892336855323,2.1403649216300153,1.5925815399160488,2.17575813319336,42.66978490293416,2.1032109528481113,3.442586442368977,42.721587517025256,BASELINE
medium,3,wrist_camera,1.0335379733126868,0.07715884526221273,2.5548090354796864,0.0,0.0,0.017537405477353996,0.009676755050633833,0.811721447483015,0.0,0.0,0.8119685390968717,0.0,BASELINE
medium,4,upper_arm_camera,1.8015314491272119,0.12061095316870804,2.493835656026294,0.0,0.0,3.8646557360900253,0.780484196076421,1.0036241706886617,0.0,0.0,4.068412591516388,0.0,BASELINE
medium,4,forearm_camera,1.3300541190140467,0.04569427751669039,2.635631096261001,0.0,0.0,0.0,0.0,0.6948120812962643,0.0,0.0,0.6948120812962643,0.0,BASELINE
medium,4,wrist_camera,5.059423021054877,0.25290326196720647,4.379864527614158,3.630262302941021,0.11900221561509688,9.925905111858992,4.016387944450497,2.6513994227999684,45.378278786762756,7.933481041006459,11.03108713179167,46.06656387313006,BASELINE
medium,5,upper_arm_camera,1.6649235959670385,0.13895923087973075,1.643113409134875,0.33689927767204475,0.0,3.4191177757957285,1.0535953968265073,0.0,4.211240970900559,0.0,3.577768805411598,4.211240970900559,BASELINE
medium,5,forearm_camera,0.6594817650978368,0.028150091558021645,1.5319172721767358,0.0033108667976273765,0.03964789662886352,0.0,0.0,0.0,0.041385834970342206,0.0,0.0,0.041385834970342206,BASELINE
medium,5,wrist_camera,0.6851149174267365,0.10124248245727109,1.4174102684209693,0.0,0.0,0.0,0.5587478461275498,0.0,0.0,0.0,0.5587478461275498,0.0,BASELINE
medium,6,upper_arm_camera,0.3454151751111811,0.029167551506511163,2.1181731189183863,1.2170316778067236,0.07046338841018948,0.0,0.0,0.5423332938053683,15.212895972584045,4.697559227345965,0.5423332938053683,15.921660295556084,BASELINE
medium,6,forearm_camera,1.429521917125637,0.07795647475317445,1.3303846860404833,0.0,0.0,0.08983706177556741,0.0,0.0,0.0,0.0,0.08983706177556741,0.0,BASELINE
medium,6,wrist_camera,2.139345096807416,0.08789070761056351,1.6889298739895657,0.0,0.0,2.7391112860000337,0.25434724735091285,0.0,0.0,0.0,2.7508949742452447,0.0,BASELINE
medium,7,upper_arm_camera,0.5775720003642935,0.017168333487310606,1.8398321894250937,0.0,0.0,0.0,0.0,0.20054746542080804,0.0,0.0,0.20054746542080804,0.0,BASELINE
medium,7,forearm_camera,3.175727384680958,0.26607254281173764,3.191006675480602,2.478863980208877,0.12138205947332115,1.8470165815540471,1.9792898927924607,1.2376048510527717,30.985799752610966,0.979251318781546,2.976696910939262,31.001269642616915,BASELINE
medium,7,wrist_camera,1.1696617814583308,0.24278571989870404,2.063317181327233,0.0,0.061738734195818545,0.3525605690066771,3.7857230404089646,0.31629172327529775,0.0,4.11591561305457,3.8152376528486482,4.11591561305457,BASELINE
medium,8,upper_arm_camera,0.7979197725378715,0.07216721318900475,0.6865585702024705,0.1914819570576501,0.0,0.5914390873306582,0.0594068174223202,0.0,2.393524463220626,0.0,0.5944151444729271,2.393524463220626,BASELINE
medium,8,forearm_camera,1.2613466952837273,0.13703818864462947,0.5910211555728634,0.0,0.1170774464817386,0.0,0.485125470525764,0.0,0.0,0.9206041046406345,0.485125470525764,0.9206041046406345,BASELINE
medium,8,wrist_camera,1.0192866696510359,0.04012447644272414,0.5906140277744275,0.0,0.0,0.0,0.0,0.0,0.0,0.0,0.0,0.0,BASELINE
medium,9,upper_arm_camera,3.876279665222073,0.21801966209169352,3.8819081293249136,3.1102471891596255,0.037226755146062135,10.631317146391941,2.2303973637570165,2.708093222393854,38.878089864495315,2.4817836764041425,11.195237628947277,38.95722168903013,BASELINE
medium,9,forearm_camera,0.680453286638798,0.06231018097748172,2.200620487473348,0.0,0.0,0.0,0.0,0.269657245447873,0.0,0.0,0.269657245447873,0.0,BASELINE
medium,9,wrist_camera,0.38703354618145436,0.14292786307389904,2.4529485820168535,0.0,0.0,0.0,1.5091124954432598,0.7090448803326042,0.0,0.0,1.667382729378249,0.0,BASELINE
medium,10,upper_arm_camera,0.27028609129128767,0.08482282159815889,3.3481144590701613,0.0,0.0,0.0,0.24778353938410702,2.0526268771941556,0.0,0.0,2.067528422868606,0.0,BASELINE
medium,10,forearm_camera,3.2876236364466145,0.1606813617920825,4.7872817958112455,1.579211652816559,0.0216841995990405,1.9596160468494215,0.7589036311903656,2.7977141289493264,19.740145660206988,0.0,3.499033312191578,19.740145660206988,BASELINE
medium,10,wrist_camera,3.251101170288688,0.1393976721187547,4.647237479735772,1.159078704590136,0.10072816121599545,5.475326514508195,1.4286293946660782,2.9209145873160534,14.488483807376701,6.715210747733031,6.368039291192866,15.96903937070374,BASELINE
medium,11,upper_arm_camera,1.314322471211084,0.13248153732940154,1.5470892009203463,0.0,0.0,2.2756541579501133,0.9571759567305742,0.0,0.0,0.0,2.468762373890758,0.0,BASELINE
medium,11,forearm_camera,1.350437704249326,0.08140618614094015,1.5205660656353124,0.0,0.0,0.01025584307820203,0.0,0.0,0.0,0.0,0.01025584307820203,0.0,BASELINE
medium,11,wrist_camera,1.7262198981911996,0.09067464399333121,2.7960456785030567,2.524436090450455,0.08758114927421687,1.7223419723910698,0.31781685432076967,1.0548908968077884,31.555451130630683,5.838743284947792,2.0445694478100394,32.09108005669401,BASELINE
medium,12,upper_arm_camera,0.4620746012592219,0.037091661550623094,0.7505564628699679,0.0,0.006550400018448206,0.0,0.0,0.0,0.0,0.43669333456321374,0.0,0.43669333456321374,BASELINE
medium,12,forearm_camera,0.6874745528886246,0.031032338136454746,0.8351832909213399,0.0,0.0,0.0,0.0,0.0,0.0,0.0,0.0,0.0,BASELINE
medium,12,wrist_camera,0.9900175022382787,0.024331339921473356,1.0818148427752692,0.5778899317592306,0.008257601290028206,0.0,0.0,0.0,7.223624146990383,0.5505067526685471,0.0,7.244570622315459,BASELINE
medium,13,upper_arm_camera,0.6228901296594868,0.1837268305026029,1.4025210703734383,0.738098446565124,0.050224894243174334,0.0205908653939583,1.7199540098944053,0.0,9.22623058206405,3.348326282878289,1.7200772598605902,9.8150201044128,BASELINE
medium,13,forearm_camera,0.7571060077967934,0.13632967312597413,0.9879388830919398,0.0,0.07322759639247572,0.0,0.4769211540285649,0.0,0.0,0.3231818617443187,0.4769211540285649,0.3231818617443187,BASELINE
medium,13,wrist_camera,0.8786357177054921,0.0698814882104991,1.079004811089813,0.0,0.0,0.0,0.0,0.0,0.0,0.0,0.0,0.0,BASELINE
medium,14,upper_arm_camera,1.8403309961581644,0.12698996577184712,2.8024249187373673,2.15762401117465,0.11720986611477419,3.9911980295571845,0.8754347859400482,1.382553122956986,26.970300139683122,7.813991074318279,4.313641259234843,28.07945060242663,BASELINE
medium,14,forearm_camera,1.247998540743692,0.04199406271461667,1.8608278170608088,0.0,0.0,0.0,0.0,0.0,0.0,0.0,0.0,0.0,BASELINE
medium,14,wrist_camera,0.7559391252500869,0.024208678865836344,1.5863980092392758,0.0,0.0,0.0,0.0,0.0,0.0,0.0,0.0,0.0,BASELINE
medium,15,upper_arm_camera,0.6102632643108161,0.03734881351921936,0.9805016210585041,0.44380178747593046,0.0,0.0,0.0,0.0,5.54752234344913,0.0,0.0,5.54752234344913,BASELINE
medium,15,forearm_camera,0.330999045250273,0.0229331125055966,0.6783772199419279,0.0,0.0,0.0,0.0,0.0,0.0,0.0,0.0,0.0,BASELINE
medium,15,wrist_camera,0.567158958588365,0.11831702077652263,0.8388242346991499,0.018769628397867777,0.1160925449053367,0.0,0.9480219125260299,0.0,0.2346203549733472,7.739502993689114,0.9480219125260299,7.743058394477636,BASELINE
medium,16,upper_arm_camera,0.8488492629261869,0.0641850229236543,1.384247568044545,0.0,0.0,0.7575424316225322,0.0,0.0,0.0,0.0,0.7575424316225322,0.0,BASELINE
medium,16,forearm_camera,0.44382258680898945,0.018372740430132633,1.3639692609735246,0.0,0.05936521860519651,0.0,0.0,0.0,0.0,0.13431706944300398,0.0,0.13431706944300398,BASELINE
medium,16,wrist_camera,1.2431833768138276,0.06725748454660126,1.611762155962865,0.47530748290766023,0.0,0.5335093523184637,0.0,0.0,5.9413435363457525,0.0,0.5335093523184637,5.9413435363457525,BASELINE
medium,17,upper_arm_camera,0.31157837025563734,0.01934653249783046,1.4682308201935177,0.0,0.0,0.0,0.0,0.0,0.0,0.0,0.0,0.0,BASELINE
medium,17,forearm_camera,1.6246892279466643,0.10888041427176401,1.9885964896257111,0.41075776699329825,0.06610685892513449,0.28623090423963315,0.1590700959728601,0.06243694741409698,5.134472087416228,0.2261670044493676,0.3333613630537343,5.139450858832873,BASELINE
medium,17,wrist_camera,1.4059902452146096,0.04569137927523362,2.0982043920646065,0.739581474309984,0.0,0.9342039320467461,0.0,0.3514584529941432,9.2447684288748,0.0,0.9981282637179641,9.2447684288748,BASELINE
medium,18,upper_arm_camera,0.7508853333959038,0.024071688568538373,0.846068101415177,0.38614284193509013,0.0,0.43803920881614883,0.0,0.0,4.826785524188627,0.0,0.43803920881614883,4.826785524188627,BASELINE
medium,18,forearm_camera,0.9669175997175294,0.0431293068840148,0.6631573925700633,0.0,0.0,0.0,0.0,0.0,0.0,0.0,0.0,0.0,BASELINE
medium,18,wrist_camera,0.8398749880436294,0.07630995169760048,0.6428359683252005,0.0,0.0721900723538623,0.0,0.0,0.0,0.0,4.812671490257486,0.0,4.812671490257486,BASELINE
medium,19,upper_arm_camera,0.9188805911565989,0.07625431182583174,2.10198454591236,0.0,0.0,0.9859452241025088,0.12024263176239226,0.522454705179178,0.0,0.0,1.1222767904521391,0.0,BASELINE
medium,19,forearm_camera,3.459013973832146,0.1770880695967362,3.6009187917876977,2.4057237294734035,0.11416868209309355,2.1320834891621567,0.9488865178911523,1.6382298358238478,30.071546618417543,0.8809743102038512,2.8513089316271754,30.084448337287135,BASELINE
medium,19,wrist_camera,1.2310186169035102,0.05371372690289551,2.694129308189632,0.0,0.0,0.50356986998802,0.0,0.9521579647967326,0.0,0.0,1.0771199579831428,0.0,BASELINE
medium,20,upper_arm_camera,0.571460542256382,0.03239339924698856,0.4622913374802594,0.0,0.0,0.0,0.0,0.0,0.0,0.0,0.0,0.0,HEALTHY
medium,20,forearm_camera,0.4133858871260581,0.05446546270417032,0.5124532910746983,0.0,0.0,0.0,0.0,0.0,0.0,0.0,0.0,0.0,HEALTHY
medium,20,wrist_camera,0.929591372204679,0.08626957567989757,0.5677801679190986,0.1608157072832394,0.06088841896672356,0.0,0.2173878516109281,0.0,2.0101963410404924,4.059227931114904,0.2173878516109281,4.529704264770048,HEALTHY
medium,21,upper_arm_camera,0.7615014677286779,0.04711836701627779,0.6287231761236577,0.0,0.0,0.47266306628420085,0.0,0.0,0.0,0.0,0.47266306628420085,0.0,HEALTHY
medium,21,forearm_camera,0.45237358547425427,0.04433978044294691,0.8163842721688097,0.13061980771347925,0.0023675544464290266,0.0,0.0,0.0,1.6327475964184905,0.0,0.0,1.6327475964184905,HEALTHY
medium,21,wrist_camera,0.9881781447227153,0.062305915839100175,0.8734255605004825,0.30174367270849756,0.0203229110922597,0.0,0.0,0.0,3.771795908856219,1.35486073948398,0.0,4.007753984647709,HEALTHY
medium,22,upper_arm_camera,0.49202417785293484,0.028079724298925315,0.8120197397072733,0.12005472330034883,0.0,0.0,0.0,0.0,1.5006840412543603,0.0,0.0,1.5006840412543603,HEALTHY
medium,22,forearm_camera,0.6780888340112478,0.1472894056263535,0.7755310466273244,0.010588644060502528,0.11961205057177421,0.0,0.6038303208572634,0.0,0.1323580507562816,0.9551362377549054,0.6038303208572634,0.9642633905072813,HEALTHY
medium,22,wrist_camera,0.9308992767158092,0.043059235866631664,0.7284537094868732,0.0,0.0,0.0,0.0,0.0,0.0,0.0,0.0,0.0,HEALTHY
medium,23,upper_arm_camera,0.5613952438621359,0.06207276202440406,1.5936452887312813,0.0,0.0,0.0,0.0,0.0,0.0,0.0,0.0,0.0,HEALTHY
medium,23,forearm_camera,0.5531552837325923,0.0608978919670511,1.2903764404946216,0.0,0.03796971582837376,0.0,0.0,0.0,0.0,0.0,0.0,0.0,HEALTHY
medium,23,wrist_camera,2.163761047023314,0.12146733451923557,1.9678801408425004,1.0517385524590979,0.0002552194242130129,2.7992029701318257,1.0198443781252424,0.22009003397550833,13.146731905738722,0.017014628280867528,2.9873164289448546,13.146742915982802,HEALTHY
medium,24,upper_arm_camera,1.2833793023639415,0.05821216369504795,1.7182156181371036,0.921576927824044,0.0,2.1747349500548445,0.0,0.051209670801000494,11.51971159780055,0.0,2.1753377975325106,11.51971159780055,HEALTHY
medium,24,forearm_camera,1.6377277121937635,0.10923369834215789,1.2495915447188661,0.0,0.06707917063457179,0.29935132901990386,0.16316097930655338,0.0,0.0,0.2394140427189151,0.3409292057806962,0.2394140427189151,HEALTHY
medium,24,wrist_camera,1.1275902054597189,0.06602163320878239,1.265262763731297,0.0,0.0,0.24901547518562722,0.0,0.0,0.0,0.0,0.24901547518562722,0.0,HEALTHY
medium,25,upper_arm_camera,0.9911247843549859,0.03562094766678896,0.9785963774957263,0.0,0.0,1.2215651371317868,0.0,0.0,0.0,0.0,1.2215651371317868,0.0,HEALTHY
medium,25,forearm_camera,1.931234037877952,0.10316772004513819,1.373247274564515,0.567250886441261,0.04604395637014567,0.5947021992354957,0.09291946094384797,0.0,7.090636080515762,0.0,0.6019175458462982,7.090636080515762,HEALTHY
medium,25,wrist_camera,0.7007520900034958,0.04917744360801449,1.2006472851920427,0.04945091832384407,0.0,0.0,0.0,0.0,0.6181364790480509,0.0,0.0,0.6181364790480509,HEALTHY
medium,26,upper_arm_camera,1.9011692575211796,0.14754321184393923,2.413004466493717,0.16335227975092081,0.0018007886673200857,4.18961821001158,1.1813665906831643,0.9043683583149841,2.04190349688651,0.12005257782133905,4.4459430827175845,2.045429664407678,DEGRADED
medium,26,forearm_camera,1.5749329948623467,0.0947746534514906,2.7431718715856945,1.1538544950268543,0.06433829438242455,0.2361619774257172,0.0,0.7999163701493607,14.423181187835679,0.20207160175900857,0.8340495661617204,14.424596649798374,HEALTHY
medium,26,wrist_camera,1.1655508073886882,0.09874738680160239,1.919484781650818,0.0,0.0,0.34244278317067495,0.5018633779343322,0.17130692749124207,0.0,0.0,0.6312527015893286,0.0,HEALTHY
medium,27,upper_arm_camera,0.48781092417838784,0.028544717738724443,0.830155251531374,0.0,0.0,0.0,0.0,0.0,0.0,0.0,0.0,0.0,HEALTHY
medium,27,forearm_camera,0.8598267827931144,0.03131515155562763,0.9588004920966502,0.049997904702114515,0.0,0.0,0.0,0.0,0.6249738087764314,0.0,0.0,0.6249738087764314,HEALTHY
medium,27,wrist_camera,0.7678498771533478,0.05842135619538584,1.0374478279598118,0.28593991229159943,0.05572404806355284,0.0,0.0,0.0,3.574248903644993,3.7149365375701895,0.0,5.1551924021690425,HEALTHY
medium,28,upper_arm_camera,0.7932222389924669,0.02829574177339615,0.5104435087409894,0.0,0.0,0.5761183757769848,0.0,0.0,0.0,0.0,0.5761183757769848,0.0,HEALTHY
medium,28,forearm_camera,1.4098309224666543,0.09639045945911585,0.7246162081186939,0.3274667307265241,0.050565302146646805,0.0700223187904406,0.014441588028309346,0.0,4.093334134081551,0.014424622438851748,0.0714960459995481,4.0933595496816135,HEALTHY
medium,28,wrist_camera,0.8542058243355061,0.04029868548832968,0.6113221767698742,0.0,0.0,0.0,0.0,0.0,0.0,0.0,0.0,0.0,HEALTHY
medium,29,upper_arm_camera,3.3078275650459834,0.18558329702109772,2.5386925807792156,0.0,0.0014220581701672175,8.777346211496218,1.7475872192889774,1.058705761503823,0.0,0.09480387801114784,9.01203226219983,0.09480387801114784,DEGRADED
medium,29,forearm_camera,1.0363155553468602,0.07311206496377257,3.4137177420490636,2.252386749496851,0.11085860582041061,0.0,0.0,1.4552700873384345,28.154834368710635,0.8358769338853781,1.4552700873384345,28.16723963362635,HEALTHY
medium,29,wrist_camera,2.2344295960070624,0.1306907358923748,2.036356153822061,0.0,0.0,2.9731299353342013,1.23012420481309,0.2891146819705587,0.0,0.0,3.230525417169524,0.0,HEALTHY
medium,30,upper_arm_camera,1.0860360153230197,0.11508483015924055,1.3758336133592521,0.0,0.0,1.53111217470171,0.6982287324095686,0.0,0.0,0.0,1.6828035697258528,0.0,HEALTHY
medium,30,forearm_camera,0.9075151119195526,0.11541884698974061,1.9767978084795597,0.8014136062080295,0.0,0.0,0.23478244101186443,0.050905581869013956,10.017670077600368,0.0,0.24023774239888387,10.017670077600368,HEALTHY
medium,30,wrist_camera,1.9657539470700163,0.14173048403879898,1.7763483973918377,0.2000653729448636,0.07632148154518739,2.3118748096042836,1.4818140351687497,0.027023723652994956,2.500817161810795,5.08809876967916,2.746136968861169,5.669465192310292,HEALTHY
medium,31,upper_arm_camera,1.0656320706030733,0.04061633075302606,1.7505032875850655,0.0,0.0,1.4645659864542189,0.0,0.09085697624389064,0.0,0.0,1.4673815178101441,0.0,HEALTHY
medium,31,forearm_camera,1.6775289430423141,0.19712550463036238,2.081129467968008,0.0,0.09124752112027491,0.3394026912498947,1.180911723379849,0.1528734618874393,0.0,0.5686902004453586,1.23819101135208,0.5686902004453586,HEALTHY
medium,31,wrist_camera,1.8276978705910807,0.08754569121771288,2.8464560884292607,1.8612794213054475,0.0,1.9720960147226971,0.2464813869857356,1.1057051987660673,23.265992766318092,0.0,2.2743130285855253,23.265992766318092,HEALTHY
medium,32,upper_arm_camera,1.262314250526221,0.12636746410636537,1.747911647070132,0.0,0.0,2.1060326023335367,0.8661689474779175,0.08767459842441548,0.0,0.0,2.2788832359021063,0.0,HEALTHY
medium,32,forearm_camera,1.5470414177181069,0.10622228851078268,2.742324571715833,1.3909434703363366,0.0,0.20809511528217217,0.12829009968733363,0.7990882670415093,17.386793379204207,0.0,0.8356458491523122,17.386793379204207,HEALTHY
medium,32,wrist_camera,1.9961591559607093,0.29558920949294937,2.345794026025197,0.2013518332644293,0.15844230535472795,2.386707048057611,4.9895640304289355,0.6010317939019186,2.516897915805366,10.562820356981863,5.56357429754282,10.858542674431769,DEGRADED
medium,33,upper_arm_camera,0.7646410288505964,0.06410415795729914,1.7901131502410934,0.0,0.0,0.4829025483207039,0.0,0.13949549212703677,0.0,0.0,0.5026468576430115,0.0,HEALTHY
medium,33,forearm_camera,0.5257368474044989,0.030080475750232916,2.0638614277674487,0.0,0.01848540585205735,0.0,0.0,0.13599665325660432,0.0,0.0,0.13599665325660432,0.0,HEALTHY
medium,33,wrist_camera,2.794830516722302,0.20116400757668398,2.9969790978906765,2.1399836177728107,0.09180189105057104,4.352369113699584,2.836809933470522,1.2574342100087506,26.74979522216013,6.1201260700380695,5.345254745381502,27.440981898260503,DEGRADED
medium,34,upper_arm_camera,1.2563775828152428,0.12401712159919588,2.362576334541849,0.0,0.0034654378407790176,2.086670532278948,0.8311844723998341,0.8424456619855879,0.0,0.23102918938526784,2.398911467903356,0.23102918938526784,HEALTHY
medium,34,forearm_camera,1.5642392420470161,0.07293869115110066,2.6112059278544897,0.0,0.0,0.22540101957407366,0.0,0.670940299195638,0.0,0.0,0.7077898732743809,0.0,HEALTHY
medium,34,wrist_camera,2.5719817131016915,0.10786866203313268,3.8830473887944863,2.792312515192634,0.07305797724851736,3.803901419511799,0.7098148805593929,2.1506017473399215,34.90390643990792,4.870531816567824,4.427029596658345,35.24208797648126,DEGRADED
medium,35,upper_arm_camera,0.7407339315393192,0.03801604996622143,0.683323272609359,0.0,0.02487645296224219,0.40493104722307127,0.0,0.0,0.0,1.6584301974828126,0.40493104722307127,1.6584301974828126,HEALTHY
medium,35,forearm_camera,0.6149674249376037,0.03156384213871627,0.860817553506994,0.369190197597285,0.0,0.0,0.0,0.0,4.614877469966062,0.0,0.0,4.614877469966062,HEALTHY
medium,35,wrist_camera,0.7765992423311429,0.06800038770958738,0.6691216368073439,0.0,0.00402752966698057,0.0,0.0,0.0,0.0,0.26850197779870466,0.0,0.26850197779870466,HEALTHY
medium,36,upper_arm_camera,1.6247336823579783,0.07754401810819819,2.0589478653402113,0.03847759991153543,0.0,3.288040888782581,0.13943970502123157,0.4696082641363488,0.4809699988941929,0.0,3.3243327510024785,0.4809699988941929,HEALTHY
medium,36,forearm_camera,1.975295882531849,0.1494462573178919,2.393626565177664,1.0425136994238942,0.039113667481267614,0.6390409511567589,0.6288057708636144,0.45829050088228473,13.031421242798677,0.0,1.0068764660700213,13.031421242798677,HEALTHY
medium,36,wrist_camera,0.27462157690261163,0.07256373233194684,1.6857915655912228,0.0,0.005830694664335778,0.0,0.0,0.0,0.0,0.3887129776223852,0.0,0.3887129776223852,HEALTHY
medium,37,upper_arm_camera,0.3916156388094462,0.02049655597827609,1.233198880008262,0.0,0.0,0.0,0.0,0.0,0.0,0.0,0.0,0.0,HEALTHY
medium,37,forearm_camera,0.46545310928127404,0.06193627618536027,0.9863741610606331,0.0,0.0,0.0,0.0,0.0,0.0,0.0,0.0,0.0,HEALTHY
medium,37,wrist_camera,1.558361133132114,0.09210552433076073,1.6447990702659188,1.0700250994629423,0.03035480412231513,1.309213841006069,0.3504387968334289,0.0,13.375313743286778,2.023653608154342,1.3553037415309992,13.52753457423607,HEALTHY
medium,38,upper_arm_camera,0.7996423802069341,0.029641218282304548,1.0113464219236472,0.0,0.0,0.5970572643937411,0.0,0.0,0.0,0.0,0.5970572643937411,0.0,HEALTHY
medium,38,forearm_camera,0.5927828029408545,0.027073479316375645,1.1992970119274637,0.02268540613986092,0.00043444932438090403,0.0,0.0,0.0,0.2835675767482615,0.0,0.0,0.2835675767482615,HEALTHY
medium,38,wrist_camera,1.260282861384479,0.033391763409156956,1.3645621957914194,0.5184809577317279,0.015819030111850728,0.5755940066755553,0.0,0.0,6.481011971646598,1.0546020074567153,0.5755940066755553,6.5662547598123435,HEALTHY
medium,39,upper_arm_camera,1.1783185700611163,0.06425667456315498,2.019092262384899,0.0,0.0,1.8320859493246842,0.0,0.42066799402714844,0.0,0.0,1.879760752572453,0.0,HEALTHY
medium,39,forearm_camera,1.5343692867419996,0.08214782283774207,1.805490900017245,0.0,0.0,0.1953433461250522,0.0,0.0,0.0,0.0,0.1953433461250522,0.0,HEALTHY
medium,39,wrist_camera,4.433539153955362,0.3231183300868792,3.3146823480966763,2.8047815337912088,0.26118121634565383,8.385501592341706,5.617187016046678,1.5776829227791371,35.05976917239011,17.412081089710256,10.215601320198317,39.1454720535584,DEGRADED
medium,40,upper_arm_camera,0.8351254972783098,0.03743858633396739,1.7618304179886453,0.0,0.0,0.7127832291838343,0.0,0.10476600735640172,0.0,0.0,0.7204414258655149,0.0,HEALTHY
medium,40,forearm_camera,1.7964735401883265,0.11783646153714687,2.1343436879260462,0.962871157185341,0.041011412969056874,0.45909479734888864,0.26277741697625484,0.20488203936584226,12.035889464816762,0.0,0.567271234842942,12.035889464816762,HEALTHY
medium,40,wrist_camera,1.3738547061037456,0.09072159799903226,1.5439858006781062,0.0,0.0,0.8551130652740297,0.31888733578218276,0.0,0.0,0.0,0.912637653904662,0.0,HEALTHY
medium,41,upper_arm_camera,0.5141705247745192,0.005957149292534943,1.0671300267067667,0.27364885874686296,0.0,0.0,0.0,0.0,3.4206107343357868,0.0,0.0,3.4206107343357868,HEALTHY
medium,41,forearm_camera,1.4647778679293058,0.12110715220673711,1.1162124454262103,0.42089611490519374,0.057260367200870105,0.12531457908586163,0.30065066140240543,0.0,5.261201436314922,0.10564000340112828,0.3257216049530189,5.262261905663836,HEALTHY
medium,41,wrist_camera,0.6830858583798468,0.04904381263943619,0.7443987492404602,0.0,0.0,0.0,0.0,0.0,0.0,0.0,0.0,0.0,HEALTHY
medium,42,upper_arm_camera,0.354541632203383,0.015157666781242671,1.2047365148498157,0.0,0.0,0.0,0.0,0.0,0.0,0.0,0.0,0.0,HEALTHY
medium,42,forearm_camera,1.9749519351824163,0.3605924883947339,1.8291104455563074,1.1930878106709208,0.23425193595201754,0.6386948422654889,3.0737917469405196,0.0,14.91359763338651,2.5170211087367496,3.1394468947724197,15.124509566672835,HEALTHY
medium,42,wrist_camera,0.38319840616784384,0.08593324628772146,1.2603965655918783,0.0,0.0,0.0,0.20972004193468607,0.0,0.0,0.0,0.20972004193468607,0.0,HEALTHY
medium,43,upper_arm_camera,0.6441324632627762,0.053466022252677506,1.3379946304541295,0.0,0.0,0.08987140649435664,0.0,0.0,0.0,0.0,0.08987140649435664,0.0,HEALTHY
medium,43,forearm_camera,1.4786525736745006,0.10042460928350878,1.9375618801125656,0.757544517938344,0.0,0.13927648060970788,0.061155373520621746,0.01255859826160617,9.469306474229299,0.0,0.15262908029523573,9.469306474229299,HEALTHY
medium,43,wrist_camera,1.7743715799591335,0.2022657207084494,1.7795846118326577,0.28361271309862013,0.09407017246714135,1.8408512102305687,2.8619273535019247,0.03028586688964596,3.5451589137327515,6.271344831142756,3.4029808387152487,7.204020940746894,HEALTHY
medium,44,upper_arm_camera,1.330798428992361,0.07954980334343534,1.3018749974215782,0.0,0.0,2.3293894627217804,0.16929549980862565,0.0,0.0,0.0,2.3355333941724568,0.0,HEALTHY
medium,44,forearm_camera,1.6119587184873865,0.16324686438859304,1.4319841572289855,0.0,0.06504875334343048,0.2734203897189641,0.788611089562068,0.0,0.0,0.2117510872100632,0.8346652982449565,0.2117510872100632,HEALTHY
medium,44,wrist_camera,1.4900912810236258,0.07867625482563582,1.8849703274413643,1.0360815002321648,0.0020860478024549434,1.141190464797014,0.04427143515859614,0.13651594085392224,12.95101875290206,0.13906985349699624,1.1501792203921344,12.95176540716255,HEALTHY
medium,45,upper_arm_camera,4.031500982492968,0.5908435660915023,3.6248013889700452,3.20805732296694,0.49000447115421253,11.137561754525718,7.779821985150934,2.3923816941058074,40.10071653708675,32.66696474361417,13.79472370606981,51.722316772823646,DEGRADED
medium,45,forearm_camera,0.669792921027246,0.08600967836644262,1.9727611091195203,0.0,0.0,0.0,0.0,0.046960339571200015,0.0,0.0,0.046960339571200015,0.0,HEALTHY
medium,45,wrist_camera,0.31680794011090807,0.043009578682873514,2.06878434585363,0.0,0.0,0.0,0.0,0.32180269113901144,0.0,0.0,0.32180269113901144,0.0,HEALTHY
medium,46,upper_arm_camera,9.73511837272237,0.49774443951171404,10.043267601116984,8.57896549887025,0.4025744985338217,29.73955277888027,6.394056266458145,10.273870037449925,107.23706873587813,26.838299902254782,32.1072789344231,110.54448540161025,DEGRADED
medium,46,forearm_camera,0.7708107233990089,0.061936565458998484,5.880912475352558,0.0,0.0,0.0,0.0,3.8665670779267596,0.0,0.0,3.8665670779267596,0.0,HEALTHY
medium,46,wrist_camera,0.825820647052038,0.08032795706980492,5.626657228011158,0.0,0.0,0.0,0.08192778855716827,3.9081815209835935,0.0,0.0,3.9090401588491646,0.0,HEALTHY
medium,47,upper_arm_camera,9.283438773437245,0.4880258935856066,9.028476087130079,6.526791758803738,0.2527872915121526,28.266428044710818,6.249397253267522,9.027767429123346,81.58489698504673,16.852486100810175,30.324025214181283,83.30727281479503,RECALIBRATION_REQUIRED
medium,47,forearm_camera,0.48754229043198194,0.09440847074921262,5.840383725938317,0.0,0.0,0.0,0.0,3.8269565639386665,0.0,0.0,3.8269565639386665,0.0,HEALTHY
medium,47,wrist_camera,2.600059841870267,0.1623447427602654,5.689776689518103,0.0,0.0,3.8730063296239754,1.9517884595575972,3.971806700408898,0.0,0.0,5.880893187737949,0.0,DEGRADED
medium,48,upper_arm_camera,1.7841566471832033,0.4878150927691089,2.2550753212467978,1.7564008349109375,0.42606519683258093,3.807988907356728,6.246259516580759,0.7104409189242044,21.95501043638672,28.404346455505397,7.34991590198891,35.90026992692717,DEGRADED
medium,48,forearm_camera,0.45644862631748295,0.03889163976870615,1.257279852131389,0.0,0.0,0.0,0.0,0.0,0.0,0.0,0.0,0.0,HEALTHY
medium,48,wrist_camera,0.8410775126609313,0.0913482333167763,1.4964699554512688,0.0,0.0,0.0,0.3331736885799092,0.0,0.0,0.0,0.3331736885799092,0.0,HEALTHY
medium,49,upper_arm_camera,6.57708751868451,0.5193474673383232,6.9983671885234084,5.102153842527277,0.2725781620660976,19.439832867428734,6.715613905953558,6.534916475135751,63.77692303159096,18.171877471073174,21.580354616743442,66.31525497350647,DEGRADED
medium,49,forearm_camera,1.1285455311009565,0.1609150286530865,4.765523815006518,0.0,0.014487179798604533,0.0,0.7616093967411641,2.7764491055899954,0.0,0.0,2.87901346108974,0.0,HEALTHY
medium,49,wrist_camera,1.389936810970381,0.21013668769854008,4.129056719513022,0.0,0.0,0.8946937802277709,3.041373688707732,2.398582123496072,0.0,0.0,3.975377601926245,0.0,HEALTHY
medium,50,upper_arm_camera,9.44426736757582,0.5239621033143693,9.721093673627564,7.119487283552121,0.374326550453564,28.790960435286372,6.784302029835909,9.87825993838423,88.99359104440151,24.955103363570935,31.185351949730308,92.42627565181175,DEGRADED
medium,50,forearm_camera,1.5593945649610388,0.10077594954059753,5.770116171411466,0.0,0.0,0.22052589604846837,0.06522374830066038,3.7582810190052,0.0,0.0,3.765310349225563,0.0,HEALTHY
medium,50,wrist_camera,1.1888597412784363,0.07632903046627607,6.552583892291542,0.0,0.0,0.3998099173745908,0.0,4.841526780005345,0.0,0.0,4.8580067446988995,0.0,DEGRADED
medium,51,upper_arm_camera,5.424749701515652,0.49906761476252665,4.49249089483617,3.81103975882676,0.3525609118761917,15.681555222662443,6.413751519998761,3.4578519326471704,47.6379969853345,23.504060791746113,17.29173567776844,53.120802238641275,RECALIBRATION_REQUIRED
medium,51,forearm_camera,1.0105530373662694,0.06843392772062447,2.6743497250631116,0.0,0.0,0.0,0.0,0.7326534854829646,0.0,0.0,0.7326534854829646,0.0,HEALTHY
medium,51,wrist_camera,1.3281490149421176,0.11106502441853562,2.499592305782467,0.0,0.0,0.742623814107331,0.7826871866905663,0.7560623171547635,0.0,0.0,1.3174671111304233,0.0,HEALTHY
medium,52,upper_arm_camera,8.65059371749937,0.5303682240335812,8.047071381005384,5.575310823698475,0.32073359847331706,26.20244351613254,6.879656119703586,7.822661801740515,69.69138529623093,21.382239898221137,28.197371370500147,72.8978008418141,RECALIBRATION_REQUIRED
medium,52,forearm_camera,1.9149912032197043,0.1331508116614874,4.6634981796001735,0.0,0.0,0.578357286259946,0.4401112537953336,2.6767350034571753,0.0,0.0,2.7736447762862775,0.0,HEALTHY
medium,52,wrist_camera,0.6305818884323998,0.04026431538107155,5.85533375871212,0.0,0.0,0.0,0.0,4.13869022541232,0.0,0.0,4.13869022541232,0.0,DEGRADED
medium,53,upper_arm_camera,6.0787282296567655,0.44479963139026574,7.507744012152983,4.699627948254275,0.3378798083126595,17.814465247700483,5.605981203105199,7.160400409320593,58.74534935317843,22.525320554177302,20.00133823855033,62.91586554038198,RECALIBRATION_REQUIRED
medium,53,forearm_camera,0.9483335970743724,0.031890184692733164,4.482051887908545,0.0,0.0,0.0,0.0,2.499399630937306,0.0,0.0,2.499399630937306,0.0,HEALTHY
medium,53,wrist_camera,3.1710707867680905,0.17660662460116816,5.833808188143147,0.0,0.0,5.278358529033911,2.276938143543092,4.116992190337477,0.0,0.0,7.070724203774764,0.0,DEGRADED
medium,54,upper_arm_camera,10.303749256656538,0.5181769535298716,10.035868627864675,7.667063222371878,0.2736448625417301,31.594106805809613,6.698190993745905,10.264784545758713,95.83829027964848,18.24299083611534,33.88833352669398,97.55913385415408,RECALIBRATION_REQUIRED
medium,54,forearm_camera,1.4001768670017167,0.10666165626450308,6.124392403707473,0.0,0.0,0.06030759228145583,0.1333777964494693,4.1045306284263825,0.0,0.0,4.10713991993976,0.0,DEGRADED
medium,54,wrist_camera,1.0896722524395905,0.14108071930319568,6.280281629649998,0.0,0.0,0.15569313320583325,1.4670003660609037,4.567042810959153,0.0,0.0,4.799396885326734,0.0,DEGRADED
medium,55,upper_arm_camera,7.222646095056454,0.6625236240487729,7.194400407653846,6.1216947205009316,0.6242649279611017,21.545281746930627,8.846768267895786,6.7756334128615885,76.52118400626165,41.61766186407345,24.256415285156134,87.10637967883011,RECALIBRATION_REQUIRED
medium,55,forearm_camera,1.1760671604574173,0.08326577066086828,3.997452156749791,0.0,0.0,0.0,0.0,2.025779183548294,0.0,0.0,2.025779183548294,0.0,HEALTHY
medium,55,wrist_camera,1.1920355827077243,0.07155088667590809,4.269653938056969,0.0,0.0,0.407626187408479,0.0,2.5403058176307733,0.0,0.0,2.572802510055897,0.0,HEALTHY
medium,56,upper_arm_camera,5.267681848584876,0.37107971501872394,5.5262743464880595,3.357998415263699,0.21468468673583962,15.169288254082451,4.508671951712499,4.727275491863983,41.97498019079623,14.312312449055975,16.516130372444408,44.34795654432275,RECALIBRATION_REQUIRED
medium,56,forearm_camera,0.37669601108491263,0.04334193249788974,3.902496211249768,0.0,0.0,0.0,0.0,1.9329745976224417,0.0,0.0,1.9329745976224417,0.0,HEALTHY
medium,56,wrist_camera,2.0401317324885304,0.1228789186072649,3.7920540664626516,0.0,0.0,2.4949308180033047,1.0520263948648114,2.0588793796002895,0.0,0.0,3.4015325401733505,0.0,HEALTHY
medium,57,upper_arm_camera,6.217205802245376,0.49080384882917344,5.7151103281851245,4.590487662773088,0.3438281621035406,18.266101180850644,6.290746676038943,4.9591546572840235,57.38109578466361,22.921877473569374,19.94535437153299,61.789988026880756,RECALIBRATION_REQUIRED
medium,57,forearm_camera,0.5493513132375258,0.09252137496100796,3.670807420331857,0.0,0.0,0.0,0.0,1.7065350398720223,0.0,0.0,1.7065350398720223,0.0,HEALTHY
medium,57,wrist_camera,1.0343946770019152,0.06796084483475796,3.1689255732653043,0.0,0.0,0.019645894683485047,0.0,1.4307583336002618,0.0,0.0,1.4308932071767315,0.0,HEALTHY
medium,58,upper_arm_camera,6.725122327701697,0.5697963071634895,6.7699684809407294,4.68525665921389,0.4609020028166898,19.92263912882822,7.466536877477078,6.254456674935975,58.56570824017362,30.72680018777932,22.176089625966377,66.13681600631267,RECALIBRATION_REQUIRED
medium,58,forearm_camera,1.2460633040027471,0.056003328013269287,4.702050762830854,0.0,0.0,0.0,0.0,2.7144141240667894,0.0,0.0,2.7144141240667894,0.0,HEALTHY
medium,58,wrist_camera,1.0024256703006431,0.057421385094351,4.152629539836715,0.0,0.0,0.0,0.0,2.4223438110461215,0.0,0.0,2.4223438110461215,0.0,HEALTHY
medium,59,upper_arm_camera,11.250191616420372,0.6424274934580041,11.364556929777903,11.138416226897247,0.6053845170266101,34.68086930701723,8.547640554520367,11.896333426338387,139.2302028362156,40.35896780177401,37.64767727138432,144.9617041284986,RECALIBRATION_REQUIRED
medium,59,forearm_camera,0.14103581512328078,0.018710121159150835,5.751076526493345,0.0,0.0,0.0,0.0,3.739672743836153,0.0,0.0,3.739672743836153,0.0,HEALTHY
medium,59,wrist_camera,0.25507887666273865,0.042290861816908235,5.839621106165214,0.0,0.0,0.0,0.0,4.12285168190012,0.0,0.0,4.12285168190012,0.0,DEGRADED
medium,60,upper_arm_camera,7.345941477754977,0.5214366813514121,6.713367755748276,5.61849292142384,0.21159156539867802,21.947401918285603,6.746711524854096,6.184954407402821,70.231161517798,14.106104359911868,23.77940765418721,71.63377854302924,RECALIBRATION_REQUIRED
medium,60,forearm_camera,0.6351629479695198,0.02608319186133923,3.9400635558287687,0.0,0.012413239701095535,0.0,0.0,1.9696908015381525,0.0,0.0,1.9696908015381525,0.0,HEALTHY
medium,60,wrist_camera,1.262957466763821,0.22098230671952931,3.868179034243944,0.0,0.0,0.5821766520451367,3.2886376638717905,2.135614266403741,0.0,0.0,3.9642042875323393,0.0,HEALTHY
medium,61,upper_arm_camera,8.200452841542898,0.5251185721699471,7.037003445018531,5.517087484684252,0.30503193827035563,24.73433723176261,6.801515885149815,6.582359461533416,68.96359355855314,20.335462551357043,26.483495099992783,71.89929258126924,RECALIBRATION_REQUIRED
medium,61,forearm_camera,1.8786080522374893,0.1678105042557916,3.9785286579605716,0.0,0.0,0.5417454848661153,0.8414561506283262,2.007284423055372,0.0,0.0,2.2429283044368136,0.0,HEALTHY
medium,61,wrist_camera,0.8113287580513399,0.045574496232614746,4.5783907473922385,0.0,0.0,0.0,0.0,2.851516249725337,0.0,0.0,2.851516249725337,0.0,HEALTHY
medium,62,upper_arm_camera,7.440284837875127,0.43124141328974464,7.69621414724258,7.131148405769387,0.4153775960720858,22.25509688063859,5.404169279186022,7.391830337231717,89.13935507211733,27.691839738139056,24.065193506371948,93.34164456851929,RECALIBRATION_REQUIRED
medium,62,forearm_camera,0.8124170226284879,0.022042930174745144,4.092221332350144,0.0,0.0,0.0,0.0,2.1184012311074225,0.0,0.0,2.1184012311074225,0.0,HEALTHY
medium,62,wrist_camera,0.518937214917224,0.019773589308717976,4.169058556365629,0.0,0.0,0.0,0.0,2.4389044581029475,0.0,0.0,2.4389044581029475,0.0,HEALTHY
medium,63,upper_arm_camera,4.383647483635255,0.44804496025016954,4.365457507556116,2.7125086956732765,0.2451478836970446,12.286065520701943,5.654287407955411,3.3018626155781696,33.906358695915955,16.34319224646964,13.921949173980522,37.63962131612353,RECALIBRATION_REQUIRED
medium,63,forearm_camera,1.905153258214483,0.1764053172528696,2.854588844623449,0.0,0.0,0.5684575145543381,0.940980528296292,0.9088090360422844,0.0,0.0,1.4263667706723158,0.0,HEALTHY
medium,63,wrist_camera,0.5194002168513625,0.034323737716145046,3.163817474815507,0.0,0.0,0.0,0.0,1.425609308677818,0.0,0.0,1.425609308677818,0.0,HEALTHY
medium,64,upper_arm_camera,4.679660274541398,0.5192067388830273,4.7370174467450905,0.0,0.29851862134327145,13.25149270538004,6.713519185238574,3.7581157503270086,0.0,19.901241422884762,15.32308169932415,19.901241422884762,RECALIBRATION_REQUIRED
medium,64,forearm_camera,2.454999625400746,0.12967954199523118,3.6836653880612467,0.0,0.0,1.1217593987804506,0.39991538759448786,1.7191016923832514,0.0,0.0,2.09131229010449,0.0,HEALTHY
medium,64,wrist_camera,3.156333831322702,0.14670010593162347,5.972783957998972,3.524885081191608,0.0,5.242088448866727,1.5951140194208275,4.257081444614049,44.061063514895096,0.0,6.938776726972274,44.061063514895096,DEGRADED
medium,65,upper_arm_camera,9.328169837617342,0.505564736874054,8.287997473020011,7.230912259435391,0.38647312123808325,28.41231560999761,6.510460151143645,8.1185044724127,90.3864032429424,25.76487474920555,30.25815401788959,93.98686430580625,RECALIBRATION_REQUIRED
medium,65,forearm_camera,1.5186914722334734,0.0991480522452771,4.433320550788371,0.0,0.0,0.1795670041761084,0.046373371302439376,2.4517723703246483,0.0,0.0,2.4587766377697022,0.0,HEALTHY
medium,65,wrist_camera,0.7564334200050283,0.034078956781853374,4.911762135816261,0.0,0.0,0.0,0.0,3.1875586350268565,0.0,0.0,3.1875586350268565,0.0,HEALTHY
medium,66,upper_arm_camera,7.810228164340535,0.4372788521006633,6.600056977417379,2.930709251290068,0.1121308548927617,23.46164387837692,5.4940355973808135,6.045815624230589,36.63386564112585,7.4753903261841135,24.84320927704912,37.388789393892765,RECALIBRATION_REQUIRED
medium,66,forearm_camera,3.4050276046282586,0.2229192024907658,4.318513679753448,0.0,0.0,2.0777578418801794,1.4795920702570804,2.3395666093084917,0.0,0.0,3.4611908735655486,0.0,HEALTHY
medium,66,wrist_camera,0.8784923492428977,0.053079998130245866,5.950891023791243,0.9832113904116593,0.11309880511229589,0.0,0.0,4.23501310255508,12.29014238014574,7.539920340819727,4.23501310255508,14.418668401421868,DEGRADED
medium,67,upper_arm_camera,3.4967171353332667,0.47051777236130476,2.896885032511184,0.0,0.1031550257005473,9.393397718930327,5.988791648438761,1.4985444300718163,0.0,6.87700171336982,11.24042621626576,6.87700171336982,RECALIBRATION_REQUIRED
medium,67,forearm_camera,3.046246913669913,0.20819607760938602,3.0152174291014666,0.0,0.0,1.7167223887461374,1.3091043770815298,1.0657983555824135,0.0,0.0,2.407657817232017,0.0,HEALTHY
medium,67,wrist_camera,1.878718509506314,0.186864027192475,3.7271329045603965,1.5421633475081418,0.0,2.097666229716831,2.5107916593890978,1.9934380644193017,19.277041843851773,0.0,3.8311974218027522,19.277041843851773,HEALTHY
medium,68,upper_arm_camera,7.076884626248244,0.5143658954207352,6.2063482329693755,4.989246376536029,0.3960654801935656,21.069889842292717,6.641463998836225,5.562365096101743,62.36557970670036,26.404365346237707,22.78133462895707,67.72485541874855,RECALIBRATION_REQUIRED
medium,68,forearm_camera,1.5518008162715378,0.14370454003263397,3.429941422690092,0.0,0.0,0.21288442434112295,0.5623190608264126,1.4711261978342598,0.0,0.0,1.5892560505626636,0.0,HEALTHY
medium,68,wrist_camera,0.3403279569320497,0.06252422508683642,3.9935086667126303,0.0,0.0,0.0,0.0,2.261948049404254,0.0,0.0,2.261948049404254,0.0,HEALTHY
medium,69,upper_arm_camera,7.91704072867736,0.523475601610283,7.534190393357918,7.010032696192451,0.4820481456671753,23.810006369606715,6.777060529207751,7.192874966060623,87.62540870240564,32.13654304447835,25.779495786664246,93.33257549812518,RECALIBRATION_REQUIRED
medium,69,forearm_camera,0.5019330532629664,0.015419072455290827,4.114905894843254,0.0,0.0,0.0,0.0,2.140571843152791,0.0,0.0,2.140571843152791,0.0,HEALTHY
medium,69,wrist_camera,0.6543772903770851,0.023015626950451624,3.9434421956801313,0.0,0.0,0.0,0.0,2.2114804420042122,0.0,0.0,2.2114804420042122,0.0,HEALTHY
medium,70,upper_arm_camera,8.995311960795144,0.4984352597885506,7.806669805846864,6.549778420126743,0.3724064712055668,27.326720484413073,6.404339016604007,7.527463206046783,81.87223025158428,24.827098080371123,29.059041845718617,85.5537660507169,RECALIBRATION_REQUIRED
medium,70,forearm_camera,0.6263004141656513,0.021593491691809776,4.841147232273775,0.0,0.0,0.0,0.0,2.8503591687127305,0.0,0.0,2.8503591687127305,0.0,HEALTHY
medium,70,wrist_camera,1.8609117305090095,0.09635853570866051,4.22241395929321,0.0,0.0,2.0538408070136875,0.4474011276770908,2.492687348570149,0.0,0.0,3.2606625166249645,0.0,HEALTHY
medium,71,upper_arm_camera,7.931834692764824,0.5186412871623258,6.9447696615958066,4.171551906163747,0.35395181682925325,23.8582559572528,6.70510252614723,6.469101953449476,52.144398827046835,23.596787788616883,25.61296658515094,57.235013086179535,RECALIBRATION_REQUIRED
medium,71,forearm_camera,0.461592645051048,0.046896452540955494,5.462371959466713,0.0,0.0,0.0,0.0,3.457509182021031,0.0,0.0,3.457509182021031,0.0,HEALTHY
medium,71,wrist_camera,2.479078485331096,0.1179145154045615,4.255615457561153,0.0,0.0,3.5752512392546567,0.9388453889819715,2.52615485976326,0.0,0.0,4.477198952884516,0.0,DEGRADED
medium,72,upper_arm_camera,10.16871991986561,0.6028859562921163,10.315620824618133,8.579112767798875,0.48720583603050466,31.153717077825362,7.9590710514333205,10.608303324990514,107.23890959748594,32.48038906870031,33.8590755810308,112.04980770046822,RECALIBRATION_REQUIRED
medium,72,forearm_camera,1.0096545098273682,0.08261468694528917,6.388693021888496,0.0,0.0,0.0,0.0,4.36284314694299,0.0,0.0,4.36284314694299,0.0,DEGRADED
medium,72,wrist_camera,1.4129725145827283,0.07969156607880305,5.663435859548892,0.0,0.0,0.9513884496134176,0.06741902092581521,3.9452548257098705,0.0,0.0,4.058906373178302,0.0,DEGRADED
medium,73,upper_arm_camera,9.045103245305894,0.4998047122872228,9.624443233492197,8.56751128486172,0.468777626824037,27.48911164149642,6.424723099632023,9.759579042960281,107.0938910607715,31.251841788269136,29.86934396402755,111.56065219285605,RECALIBRATION_REQUIRED
medium,73,forearm_camera,1.0667374201252235,0.047042499517060056,5.1589637075743475,0.0,0.0,0.0,0.0,3.1609750678580495,0.0,0.0,3.1609750678580495,0.0,HEALTHY
medium,73,wrist_camera,1.9441525003622135,0.10374199526765107,5.5224114745483295,0.0,0.0,2.2587100832316933,0.6157330188753631,3.803100542628467,0.0,0.0,4.465923435076651,0.0,DEGRADED
medium,74,upper_arm_camera,10.138249905298593,0.6159992060610923,10.419929778457394,9.966000388356129,0.6190510087386465,31.05434103299133,8.154259692380766,10.736388412084175,124.5750048544516,41.2700672492431,33.85460211343873,131.23319048641503,RECALIBRATION_REQUIRED
medium,74,forearm_camera,0.8340327500317838,0.05309909725388693,5.498571391816527,0.0,0.0,0.0,0.0,3.4928884656697265,0.0,0.0,3.4928884656697265,0.0,HEALTHY
medium,74,wrist_camera,0.38409588886639884,0.06653210226664756,5.375287776742134,0.0,0.0,0.0,0.0,3.654798078584101,0.0,0.0,3.654798078584101,0.0,HEALTHY
medium,75,upper_arm_camera,9.142384894863135,0.7082331067198384,9.176640434627437,8.026556855663788,0.6254273973439609,27.806389650887127,9.527146660602387,9.209704287416631,100.33196069579735,41.69515982293073,30.802280467057145,108.65076479124646,RECALIBRATION_REQUIRED
medium,75,forearm_camera,1.327405294042099,0.07368677727044035,5.165696517926431,0.0,0.0,0.0,0.0,3.167555336987614,0.0,0.0,3.167555336987614,0.0,HEALTHY
medium,75,wrist_camera,0.20758628986490013,0.041214112702841206,5.161027495664654,0.0,0.0,0.0,0.0,3.4388211278654888,0.0,0.0,3.4388211278654888,0.0,HEALTHY
medium,76,upper_arm_camera,3.0001293303621295,0.6123005899173258,3.298678727418894,1.0291765177060173,0.4659069855447815,7.77380768354307,8.099206378274294,1.9919227884171853,12.864706471325215,31.060465702985432,11.401622088703343,33.61923857376445,RECALIBRATION_REQUIRED
medium,76,forearm_camera,0.5953766689541875,0.04643536875895139,2.7269522501709833,0.0,0.0,0.0,0.0,0.784064226912411,0.0,0.0,0.784064226912411,0.0,HEALTHY
medium,76,wrist_camera,1.6963364844583906,0.18041397853414173,2.8412286869607875,0.0,0.0,1.648793957960637,2.363740147790305,1.1004359149601033,0.0,0.0,3.0849227226978173,0.0,HEALTHY
medium,77,upper_arm_camera,5.713967340542924,0.5124164578637544,5.386575728191042,3.5253615758466292,0.3456002015319255,16.624820444920616,6.612446930293902,4.555734037052626,44.067019698082866,23.040013435461702,18.462497714235838,49.726697499205386,RECALIBRATION_REQUIRED
medium,77,forearm_camera,1.025246730190289,0.07653352957253351,3.3575529203076355,0.0,0.0,0.0,0.0,1.400377758081271,0.0,0.0,1.400377758081271,0.0,HEALTHY
medium,77,wrist_camera,1.723695945869342,0.11611993482824999,3.8902369602278197,0.0,0.0,1.7161301090661676,0.897931622216585,2.1578489221654946,0.0,0.0,2.899602683181051,0.0,HEALTHY
medium,78,upper_arm_camera,7.836194181946516,0.40241158125793364,7.235698950366853,3.3297918774150137,0.15026846976792832,23.546330419110195,4.9750418064259465,6.826345525729561,41.622398467687674,10.017897984528554,25.01558934780966,42.81100716207679,RECALIBRATION_REQUIRED
medium,78,forearm_camera,1.1397464042501002,0.08376998675852333,6.125307596754714,0.0,0.0025202596627385,0.0,0.0,4.105425086496851,0.0,0.0,4.105425086496851,0.0,DEGRADED
medium,78,wrist_camera,4.0568058912013525,0.19534054992313923,5.016298426563978,0.0,0.0,7.45829884056789,2.704043764400008,3.292932478473659,0.0,0.0,8.589614577080486,0.0,DEGRADED
medium,79,upper_arm_camera,7.448522633122994,0.49877127145816946,8.024675437322548,5.291675503920965,0.2007872123356398,22.281963934085024,6.409340496960964,7.795160937322095,66.14594379901206,13.385814155709319,24.460786913028816,67.48678316287753,RECALIBRATION_REQUIRED
medium,79,forearm_camera,0.6167994042668288,0.23112678753287794,5.374953033369744,0.0,0.0,0.0,1.5746325084551918,3.372070853796392,0.0,0.0,3.721603065845015,0.0,HEALTHY
medium,79,wrist_camera,2.4925928325406717,0.15767625776878832,5.382722337354387,0.0,0.0,3.608512278722061,1.845353948558051,3.6622922054604983,0.0,0.0,5.4625155614719665,0.0,DEGRADED
