scenario,trial,num_poses,base_translation_sigma_mm,base_rotation_sigma_deg,success,runtime_ms,nfev,cost,method,camera_name,link_name,translation_error_mm,rotation_error_deg,mean_target_error_mm,max_target_error_mm,mean_target_rotation_error_deg,mean_cross_camera_target_disagreement_mm,max_cross_camera_target_disagreement_mm
gaussian,0,30,0.5,0.25,True,13.713424999878043,0,0.0,PARK,upper_arm_camera,upper_arm,0.1863507317044616,0.04685838097897197,0.4689821245453701,0.7190757011106311,0.04685838097897145,0.8011011801678621,1.5401153111885741
gaussian,0,30,0.5,0.25,True,13.713424999878043,0,0.0,PARK,forearm_camera,forearm,0.22487378178336848,0.0627125257800715,0.7156426713064984,0.9494907335732857,0.06271252578007132,0.8011011801678621,1.5401153111885741
gaussian,0,30,0.5,0.25,True,13.713424999878043,0,0.0,PARK,wrist_camera,gripper,0.1992673879618847,0.030163004650412224,0.4406302452290372,0.7668153868422953,0.030163004650411707,0.8011011801678621,1.5401153111885741
gaussian,0,30,0.5,0.25,True,21.68785100002424,4,2266.742149096385,JOINT_LINEAR,upper_arm_camera,upper_arm,0.5794782275730582,0.0754953224094771,1.1411097652731517,1.252716582862656,0.07549532240947682,1.02864406617839,1.9930688748455694
gaussian,0,30,0.5,0.25,True,21.68785100002424,4,2266.742149096385,JOINT_LINEAR,forearm_camera,forearm,0.7061691530668841,0.0399802230718966,0.8283315890964985,0.9705720111620485,0.039980223071896505,1.02864406617839,1.9930688748455694
gaussian,0,30,0.5,0.25,True,21.68785100002424,4,2266.742149096385,JOINT_LINEAR,wrist_camera,gripper,0.22784300608760918,0.04502902307672767,0.5457278719703552,0.8599705261002437,0.045029023076727834,1.02864406617839,1.9930688748455694
gaussian,0,30,0.5,0.25,True,438.16910199984704,105,630.6651359366267,JOINT_HUBER,upper_arm_camera,upper_arm,0.3225381996146219,0.07827342929223986,0.9353729335394848,1.194529345680601,0.07827342929223934,0.8501086459967961,1.618342317809055
gaussian,0,30,0.5,0.25,True,438.16910199984704,105,630.6651359366267,JOINT_HUBER,forearm_camera,forearm,0.43265101807182166,0.017824258327849406,0.4027783101894213,0.6247325424442526,0.01782425832784946,0.8501086459967961,1.618342317809055
gaussian,0,30,0.5,0.25,True,438.16910199984704,105,630.6651359366267,JOINT_HUBER,wrist_camera,gripper,0.36573235360678197,0.026644846528067794,0.4815194668844209,0.8096376138520222,0.026644846528068096,0.8501086459967961,1.618342317809055
gaussian,1,30,0.5,0.25,True,13.625747999867599,0,0.0,PARK,upper_arm_camera,upper_arm,0.15590425971404998,0.04461173934443291,0.602132649225362,0.8581622031354733,0.04461173934443261,0.5942997746135859,1.484146918109195
gaussian,1,30,0.5,0.25,True,13.625747999867599,0,0.0,PARK,forearm_camera,forearm,0.24022856721686398,0.016203375503716446,0.3207350581990332,0.4037226045860396,0.016203375503715856,0.5942997746135859,1.484146918109195
gaussian,1,30,0.5,0.25,True,13.625747999867599,0,0.0,PARK,wrist_camera,gripper,0.2495467598052649,0.039441351072233864,0.5916710888125873,1.0320854698830602,0.03944135107223433,0.5942997746135859,1.484146918109195
gaussian,1,30,0.5,0.25,True,20.379448999847227,4,1596.306271325428,JOINT_LINEAR,upper_arm_camera,upper_arm,0.180181506433543,0.05560632240338692,0.7591639992237166,0.9607476450750149,0.05560632240338717,0.849420020290595,2.0208916953301714
gaussian,1,30,0.5,0.25,True,20.379448999847227,4,1596.306271325428,JOINT_LINEAR,forearm_camera,forearm,0.5960177319885557,0.0204353020627139,0.6435525570908757,0.9684490595227973,0.02043530206271429,0.849420020290595,2.0208916953301714
gaussian,1,30,0.5,0.25,True,20.379448999847227,4,1596.306271325428,JOINT_LINEAR,wrist_camera,gripper,0.5811495267898866,0.039438837999627746,0.80707147337563,1.3248181834988821,0.039438837999629245,0.849420020290595,2.0208916953301714
gaussian,1,30,0.5,0.25,True,413.1414359999326,99,517.9700526661063,JOINT_HUBER,upper_arm_camera,upper_arm,0.3619981334336272,0.05951107375522631,0.7646226469860404,1.0439143819606125,0.05951107375522623,0.9567677470823376,1.904904652142269
gaussian,1,30,0.5,0.25,True,413.1414359999326,99,517.9700526661063,JOINT_HUBER,forearm_camera,forearm,0.34439180131793756,0.010814470684913632,0.3288705713818836,0.41441003381956726,0.010814470684912791,0.9567677470823376,1.904904652142269
gaussian,1,30,0.5,0.25,True,413.1414359999326,99,517.9700526661063,JOINT_HUBER,wrist_camera,gripper,0.19388035222848618,0.057626880333867266,0.9107954183639304,1.3073455587928593,0.05762688033386799,0.9567677470823376,1.904904652142269
gaussian,2,30,0.5,0.25,True,13.651203999870631,0,0.0,PARK,upper_arm_camera,upper_arm,0.2325645196110759,0.024257619815835397,0.31817119274904376,0.5261227917368636,0.024257619815835667,0.5836071220163949,1.3130060425805599
gaussian,2,30,0.5,0.25,True,13.651203999870631,0,0.0,PARK,forearm_camera,forearm,0.18107514646219217,0.04991438779776519,0.4627583771271161,0.7763482640024026,0.04991438779776614,0.5836071220163949,1.3130060425805599
gaussian,2,30,0.5,0.25,True,13.651203999870631,0,0.0,PARK,wrist_camera,gripper,0.1684954984158294,0.0397920127478281,0.4908042778223054,0.9517328440140972,0.03979201274782876,0.5836071220163949,1.3130060425805599
gaussian,2,30,0.5,0.25,True,20.684882999375986,4,1629.5528616562153,JOINT_LINEAR,upper_arm_camera,upper_arm,0.5079453783976825,0.07059074079427921,0.88609271658024,1.2708759150123192,0.07059074079427938,1.2979328259726142,3.0648923998183806
gaussian,2,30,0.5,0.25,True,20.684882999375986,4,1629.5528616562153,JOINT_LINEAR,forearm_camera,forearm,0.9608965197270949,0.05485002591661134,1.0104243506103268,1.7737004796429836,0.054850025916611214,1.2979328259726142,3.0648923998183806
gaussian,2,30,0.5,0.25,True,20.684882999375986,4,1629.5528616562153,JOINT_LINEAR,wrist_camera,gripper,0.37019780916375983,0.09311844305720796,1.0508923730166908,1.8073154455703482,0.09311844305720815,1.2979328259726142,3.0648923998183806
gaussian,2,30,0.5,0.25,True,380.2639089999502,90,533.717514303871,JOINT_HUBER,upper_arm_camera,upper_arm,0.2544610387141517,0.04727317602402949,0.6215199235287474,0.810289317426118,0.04727317602402903,0.7515998791677352,1.6267237296565953
gaussian,2,30,0.5,0.25,True,380.2639089999502,90,533.717514303871,JOINT_HUBER,forearm_camera,forearm,0.5468488061952682,0.05674867623771451,0.8099469586760819,1.3234927709266637,0.05674867623771483,0.7515998791677352,1.6267237296565953
gaussian,2,30,0.5,0.25,True,380.2639089999502,90,533.717514303871,JOINT_HUBER,wrist_camera,gripper,0.39061591208523183,0.020288733739325666,0.39624065172452433,0.552310867023765,0.020288733739326072,0.7515998791677352,1.6267237296565953
gaussian,3,30,0.5,0.25,True,13.480526999956055,0,0.0,PARK,upper_arm_camera,upper_arm,0.14323264291105722,0.04416788381474092,0.5892372818095024,0.8415036788192467,0.0441678838147417,0.9754801632686924,2.1393915409308875
gaussian,3,30,0.5,0.25,True,13.480526999956055,0,0.0,PARK,forearm_camera,forearm,0.11782387531230568,0.043003367758319866,0.5323367437328935,0.784320625204196,0.04300336775832034,0.9754801632686924,2.1393915409308875
gaussian,3,30,0.5,0.25,True,13.480526999956055,0,0.0,PARK,wrist_camera,gripper,0.30970091586178605,0.06379090838385505,0.8579621855889789,1.5688987401645647,0.06379090838385511,0.9754801632686924,2.1393915409308875
gaussian,3,30,0.5,0.25,True,20.784533000551164,4,2005.1845445807628,JOINT_LINEAR,upper_arm_camera,upper_arm,0.5728349683356634,0.05537638378673259,0.7324207819513195,1.0909623152128034,0.05537638378673141,1.2472496422099149,2.7228142577719283
gaussian,3,30,0.5,0.25,True,20.784533000551164,4,2005.1845445807628,JOINT_LINEAR,forearm_camera,forearm,0.3011256247337952,0.045531586535464436,0.5563285989002565,1.0518167259799243,0.04553158653546497,1.2472496422099149,2.7228142577719283
gaussian,3,30,0.5,0.25,True,20.784533000551164,4,2005.1845445807628,JOINT_LINEAR,wrist_camera,gripper,0.22233781587759158,0.09554300882197955,1.1432117292782167,1.9761048275578368,0.0955430088219792,1.2472496422099149,2.7228142577719283
gaussian,3,30,0.5,0.25,True,326.6951310006334,77,609.8856382333662,JOINT_HUBER,upper_arm_camera,upper_arm,0.4167011968347657,0.025291461096692624,0.47152222261895843,0.7013317401174751,0.025291461096692457,0.9274324299770883,1.800062326187674
gaussian,3,30,0.5,0.25,True,326.6951310006334,77,609.8856382333662,JOINT_HUBER,forearm_camera,forearm,0.3610156072888261,0.060625212424506005,0.6759937468077346,1.258174526026933,0.06062521242450583,0.9274324299770883,1.800062326187674
gaussian,3,30,0.5,0.25,True,326.6951310006334,77,609.8856382333662,JOINT_HUBER,wrist_camera,gripper,0.038209548384401944,0.055936805002133064,0.7357138251041057,1.2430449957881675,0.055936805002133855,0.9274324299770883,1.800062326187674
gaussian,4,30,0.5,0.25,True,13.778857000033895,0,0.0,PARK,upper_arm_camera,upper_arm,0.1684819456169737,0.05022309141922579,0.6426656970317846,0.8014721444598832,0.05022309141922566,0.8731770621710045,1.6081059678400855
gaussian,4,30,0.5,0.25,True,13.778857000033895,0,0.0,PARK,forearm_camera,forearm,0.3362546498055372,0.0601012061778247,0.769494440702583,1.3964402207221063,0.06010120617782512,0.8731770621710045,1.6081059678400855
gaussian,4,30,0.5,0.25,True,13.778857000033895,0,0.0,PARK,wrist_camera,gripper,0.12990988472063078,0.02089354950760577,0.29651907430476765,0.5168216447042236,0.020893549507604785,0.8731770621710045,1.6081059678400855
gaussian,4,30,0.5,0.25,True,20.973725999283488,4,1362.322311764815,JOINT_LINEAR,upper_arm_camera,upper_arm,0.7641868505747011,0.0551925208246183,0.8001935981515804,1.6060228336513898,0.055192520824617806,1.0069496481926603,2.71157895417729
gaussian,4,30,0.5,0.25,True,20.973725999283488,4,1362.322311764815,JOINT_LINEAR,forearm_camera,forearm,0.44016166109049926,0.06435964619424918,0.8222393669038325,1.3796608172043692,0.06435964619424983,1.0069496481926603,2.71157895417729
gaussian,4,30,0.5,0.25,True,20.973725999283488,4,1362.322311764815,JOINT_LINEAR,wrist_camera,gripper,0.3433634764728587,0.012746758860377136,0.34333670310939884,0.4805911395496918,0.01274675886037769,1.0069496481926603,2.71157895417729
gaussian,4,30,0.5,0.25,True,361.8357469995317,82,496.560074357235,JOINT_HUBER,upper_arm_camera,upper_arm,0.6521425219064756,0.06611333569648357,0.8935209865364474,1.5950361845945185,0.06611333569648475,1.0173357216192418,2.6440524582752905
gaussian,4,30,0.5,0.25,True,361.8357469995317,82,496.560074357235,JOINT_HUBER,forearm_camera,forearm,0.5246787734632671,0.05086996319135949,0.7866502735120362,1.2378428511915036,0.05086996319135954,1.0173357216192418,2.6440524582752905
gaussian,4,30,0.5,0.25,True,361.8357469995317,82,496.560074357235,JOINT_HUBER,wrist_camera,gripper,0.21110772544612352,0.01631776737630596,0.2862242516133431,0.5287975401919356,0.01631776737630577,1.0173357216192418,2.6440524582752905
gaussian,5,30,0.5,0.25,True,13.963480999336753,0,0.0,PARK,upper_arm_camera,upper_arm,0.1467390302388284,0.06160514185101463,0.781446414051071,0.912219732699373,0.06160514185101381,0.6949419154959576,1.457347567187377
gaussian,5,30,0.5,0.25,True,13.963480999336753,0,0.0,PARK,forearm_camera,forearm,0.16868585414795556,0.014390083138250936,0.23009577093461053,0.3706140533103495,0.01439008313825038,0.6949419154959576,1.457347567187377
gaussian,5,30,0.5,0.25,True,13.963480999336753,0,0.0,PARK,wrist_camera,gripper,0.18304239668019837,0.022583058757526035,0.3727805509390945,0.6422041403619967,0.022583058757524966,0.6949419154959576,1.457347567187377
gaussian,5,30,0.5,0.25,True,21.09645000018645,4,1426.1566157125437,JOINT_LINEAR,upper_arm_camera,upper_arm,0.20779134647849473,0.042001270500943606,0.37044506201110394,0.7160580641007368,0.042001270500943814,0.8875709833224024,1.7490291073501891
gaussian,5,30,0.5,0.25,True,21.09645000018645,4,1426.1566157125437,JOINT_LINEAR,forearm_camera,forearm,0.47607626586086377,0.04254846648536677,0.6722903595681728,0.9784306774169172,0.04254846648536673,0.8875709833224024,1.7490291073501891
gaussian,5,30,0.5,0.25,True,21.09645000018645,4,1426.1566157125437,JOINT_LINEAR,wrist_camera,gripper,0.6976678240010216,0.016960137686969853,0.8051186315416707,1.0168668627598858,0.01696013768696914,0.8875709833224024,1.7490291073501891
gaussian,5,30,0.5,0.25,True,476.7371509997247,112,491.3562195149923,JOINT_HUBER,upper_arm_camera,upper_arm,0.2006380128712463,0.007440205102206608,0.23033359982624937,0.2872578804899074,0.007440205102207068,0.6389351292464208,1.3748717743539263
gaussian,5,30,0.5,0.25,True,476.7371509997247,112,491.3562195149923,JOINT_HUBER,forearm_camera,forearm,0.1757997883707199,0.023856298503396926,0.34070256739561755,0.5784486647077761,0.023856298503396735,0.6389351292464208,1.3748717743539263
gaussian,5,30,0.5,0.25,True,476.7371509997247,112,491.3562195149923,JOINT_HUBER,wrist_camera,gripper,0.4584843986385249,0.03516708148025853,0.6581183859023546,0.8858299931727498,0.03516708148025865,0.6389351292464208,1.3748717743539263
gaussian,6,30,0.5,0.25,True,13.787523999781115,0,0.0,PARK,upper_arm_camera,upper_arm,0.11614726486426212,0.021590271179023793,0.27951199126895293,0.39614444919664166,0.02159027117902339,0.7085811890133282,1.1943889175656417
gaussian,6,30,0.5,0.25,True,13.787523999781115,0,0.0,PARK,forearm_camera,forearm,0.33116054792471616,0.0515796522601862,0.6847282848522405,0.8783988922337407,0.05157965226018506,0.7085811890133282,1.1943889175656417
gaussian,6,30,0.5,0.25,True,13.787523999781115,0,0.0,PARK,wrist_camera,gripper,0.11649265839931301,0.03169571744536048,0.44817698544983553,0.7561007363781762,0.031695717445360726,0.7085811890133282,1.1943889175656417
gaussian,6,30,0.5,0.25,True,20.9262629996374,4,1402.5577704509637,JOINT_LINEAR,upper_arm_camera,upper_arm,0.47393855835303245,0.05601509550625015,0.6502429590323165,1.1157134471714545,0.05601509550625155,1.2276028182825451,2.701927138344951
gaussian,6,30,0.5,0.25,True,20.9262629996374,4,1402.5577704509637,JOINT_LINEAR,forearm_camera,forearm,0.8938592427492218,0.08352202751191992,1.1159930002005585,1.7138404339406912,0.08352202751192025,1.2276028182825451,2.701927138344951
gaussian,6,30,0.5,0.25,True,20.9262629996374,4,1402.5577704509637,JOINT_LINEAR,wrist_camera,gripper,0.32393309704657614,0.0652178481819403,0.7045483151684634,1.2626695272789084,0.06521784818193946,1.2276028182825451,2.701927138344951
gaussian,6,30,0.5,0.25,True,329.3258599996989,78,490.5321557364526,JOINT_HUBER,upper_arm_camera,upper_arm,0.2965387625066462,0.04214305347701285,0.5070462164461876,0.8163475728456152,0.04214305347701442,1.057209888841595,2.1017192053526164
gaussian,6,30,0.5,0.25,True,329.3258599996989,78,490.5321557364526,JOINT_HUBER,forearm_camera,forearm,0.6695490287262282,0.04292579710626828,0.7022204028785588,1.204243876591413,0.042925797106268565,1.057209888841595,2.1017192053526164
gaussian,6,30,0.5,0.25,True,329.3258599996989,78,490.5321557364526,JOINT_HUBER,wrist_camera,gripper,0.1602875126359368,0.07456010693633629,0.9356790988316732,1.5857954511241557,0.07456010693633573,1.057209888841595,2.1017192053526164
gaussian,7,30,0.5,0.25,True,13.7270860004719,0,0.0,PARK,upper_arm_camera,upper_arm,0.24895293370436863,0.046650590245149275,0.5606429922197768,0.6816242358059135,0.04665059024514755,1.0272886067402103,1.9475553219718704
gaussian,7,30,0.5,0.25,True,13.7270860004719,0,0.0,PARK,forearm_camera,forearm,0.336694384369315,0.06687577887684779,0.8407266687194291,1.310238911492692,0.06687577887684815,1.0272886067402103,1.9475553219718704
gaussian,7,30,0.5,0.25,True,13.7270860004719,0,0.0,PARK,wrist_camera,gripper,0.2427017041350944,0.05670439312783865,0.9085729563051901,1.4381858518785124,0.056704393127838155,1.0272886067402103,1.9475553219718704
gaussian,7,30,0.5,0.25,True,21.01480500004982,4,1868.5745322163964,JOINT_LINEAR,upper_arm_camera,upper_arm,1.0648067405309234,0.05616638832278642,1.077655272871097,1.5186763216805022,0.05616638832278709,1.1276220696046106,2.230582053381305
gaussian,7,30,0.5,0.25,True,21.01480500004982,4,1868.5745322163964,JOINT_LINEAR,forearm_camera,forearm,0.3799804124911363,0.06494227273877734,0.8557581005553758,1.4856842444436924,0.06494227273877715,1.1276220696046106,2.230582053381305
gaussian,7,30,0.5,0.25,True,21.01480500004982,4,1868.5745322163964,JOINT_LINEAR,wrist_camera,gripper,0.4892515599876423,0.03314481149443202,0.7226059693532396,0.9602933959153288,0.033144811494432165,1.1276220696046106,2.230582053381305
gaussian,7,30,0.5,0.25,True,395.4754510004932,93,588.1366021613663,JOINT_HUBER,upper_arm_camera,upper_arm,0.6294873531729266,0.051839526194900024,0.6016390625078802,1.221558324085934,0.05183952619489967,0.7870312525561789,1.9353202210905327
gaussian,7,30,0.5,0.25,True,395.4754510004932,93,588.1366021613663,JOINT_HUBER,forearm_camera,forearm,0.12584193688043993,0.053003064617746676,0.6548056272779059,0.9139932036224415,0.05300306461774686,0.7870312525561789,1.9353202210905327
gaussian,7,30,0.5,0.25,True,395.4754510004932,93,588.1366021613663,JOINT_HUBER,wrist_camera,gripper,0.3477798158692735,0.03331896864483853,0.5157872350489611,0.7759365404378686,0.033318968644839166,0.7870312525561789,1.9353202210905327
gaussian,8,30,0.5,0.25,True,13.550486999520217,0,0.0,PARK,upper_arm_camera,upper_arm,0.2255640287114025,0.030044537704696974,0.3953235013369486,0.5962248356208483,0.03004453770469617,0.8093737950225146,1.8645277244497205
gaussian,8,30,0.5,0.25,True,13.550486999520217,0,0.0,PARK,forearm_camera,forearm,0.1783052913238451,0.02758288575423208,0.26887019725668077,0.45079334790873365,0.02758288575423306,0.8093737950225146,1.8645277244497205
gaussian,8,30,0.5,0.25,True,13.550486999520217,0,0.0,PARK,wrist_camera,gripper,0.16697597663851385,0.0693739286614116,0.9048044051292556,1.5615088070521854,0.06937392866141098,0.8093737950225146,1.8645277244497205
gaussian,8,30,0.5,0.25,True,20.61494300050981,4,1737.1840243669499,JOINT_LINEAR,upper_arm_camera,upper_arm,0.06132110491847852,0.0492141353623936,0.4317959928918001,0.6807082864789199,0.0492141353623932,1.0711728181731794,2.216018963111373
gaussian,8,30,0.5,0.25,True,20.61494300050981,4,1737.1840243669499,JOINT_LINEAR,forearm_camera,forearm,0.17137682917769453,0.0968450818783252,0.9871254470762586,1.8422963049988084,0.0968450818783266,1.0711728181731794,2.216018963111373
gaussian,8,30,0.5,0.25,True,20.61494300050981,4,1737.1840243669499,JOINT_LINEAR,wrist_camera,gripper,0.5781154364509106,0.07428594344161753,0.9236550377934931,1.3658186605583167,0.074285943441617,1.0711728181731794,2.216018963111373
gaussian,8,30,0.5,0.25,True,347.3465209999631,83,572.640143670885,JOINT_HUBER,upper_arm_camera,upper_arm,0.14998007837104016,0.05045161673596411,0.6220302895378128,0.8526332979864124,0.050451616735963635,0.9693859056095961,1.8405172443488627
gaussian,8,30,0.5,0.25,True,347.3465209999631,83,572.640143670885,JOINT_HUBER,forearm_camera,forearm,0.4260249349366763,0.06844753602022169,0.7111914317980774,1.2815723848690865,0.06844753602022073,0.9693859056095961,1.8405172443488627
gaussian,8,30,0.5,0.25,True,347.3465209999631,83,572.640143670885,JOINT_HUBER,wrist_camera,gripper,0.3449471470765459,0.05626821326088378,0.6857830760026522,0.9257396016437384,0.05626821326088456,0.9693859056095961,1.8405172443488627
gaussian,9,30,0.5,0.25,True,13.631244999487535,0,0.0,PARK,upper_arm_camera,upper_arm,0.05012215094759051,0.09562495795576804,1.2028078700438922,1.523387851359626,0.0956249579557677,1.110025158705566,1.998564241111942
gaussian,9,30,0.5,0.25,True,13.631244999487535,0,0.0,PARK,forearm_camera,forearm,0.1753954849328084,0.043230003668071615,0.5286909763168774,0.8542542838015095,0.04323000366807244,1.110025158705566,1.998564241111942
gaussian,9,30,0.5,0.25,True,13.631244999487535,0,0.0,PARK,wrist_camera,gripper,0.3806789731669683,0.011479857723615738,0.30687940494390475,0.4569671310649975,0.0114798577236157,1.110025158705566,1.998564241111942
gaussian,9,30,0.5,0.25,True,20.724122000501666,4,1686.3088536163252,JOINT_LINEAR,upper_arm_camera,upper_arm,0.5407277008143566,0.08490069680176658,1.0944410845968806,1.6292957256382858,0.08490069680176651,1.5126540298522204,3.2491529160601886
gaussian,9,30,0.5,0.25,True,20.724122000501666,4,1686.3088536163252,JOINT_LINEAR,forearm_camera,forearm,0.7698171447876836,0.057764553776802584,1.0758625995620292,1.4965491384446408,0.05776455377680299,1.5126540298522204,3.2491529160601886
gaussian,9,30,0.5,0.25,True,20.724122000501666,4,1686.3088536163252,JOINT_LINEAR,wrist_camera,gripper,0.5262028299557001,0.10656248419234221,0.9821033813149895,2.0659913598203277,0.10656248419234136,1.5126540298522204,3.2491529160601886
gaussian,9,30,0.5,0.25,True,355.8683519995611,85,546.0677270158727,JOINT_HUBER,upper_arm_camera,upper_arm,0.35533857589651796,0.04005733665460901,0.6166208873644471,0.8524528574234186,0.040057336654609976,1.3564911766103656,3.362223810313283
gaussian,9,30,0.5,0.25,True,355.8683519995611,85,546.0677270158727,JOINT_HUBER,forearm_camera,forearm,0.6762187235987768,0.035679837191502514,0.8138906427017436,1.1979152039430743,0.03567983719150157,1.3564911766103656,3.362223810313283
gaussian,9,30,0.5,0.25,True,355.8683519995611,85,546.0677270158727,JOINT_HUBER,wrist_camera,gripper,0.652142558517767,0.13167490947793958,1.361261261300559,2.733076818119281,0.13167490947793914,1.3564911766103656,3.362223810313283
outliers,0,30,0.5,0.25,True,13.596493000477494,0,0.0,PARK,upper_arm_camera,upper_arm,5.594228103403601,0.792955561612695,9.738078537773522,13.082420898670325,0.7929555616126946,7.619578409554854,14.381240244791476
outliers,0,30,0.5,0.25,True,13.596493000477494,0,0.0,PARK,forearm_camera,forearm,1.2864764809236608,0.07901613513409406,1.4599690880702358,2.0881354130353302,0.0790161351340945,7.619578409554854,14.381240244791476
outliers,0,30,0.5,0.25,True,13.596493000477494,0,0.0,PARK,wrist_camera,gripper,1.7111751581405854,0.14209721628651484,2.3001899218363766,4.096756449144756,0.1420972162865152,7.619578409554854,14.381240244791476
outliers,0,30,0.5,0.25,True,21.56470200043259,4,65999.38664385985,JOINT_LINEAR,upper_arm_camera,upper_arm,7.772422258246288,0.4527907723002162,9.426535012523749,11.74014568643235,0.4527907723002165,8.839493594246596,21.98907564786722
outliers,0,30,0.5,0.25,True,21.56470200043259,4,65999.38664385985,JOINT_LINEAR,forearm_camera,forearm,3.2923172680194566,0.23439375485502495,3.6862228376780735,6.502311699912801,0.23439375485502534,8.839493594246596,21.98907564786722
outliers,0,30,0.5,0.25,True,21.56470200043259,4,65999.38664385985,JOINT_LINEAR,wrist_camera,gripper,8.659158366522174,0.7215194633478055,7.097984163520113,12.492310564523546,0.7215194633478036,8.839493594246596,21.98907564786722
outliers,0,30,0.5,0.25,True,668.7455409992253,161,2247.302256306039,JOINT_HUBER,upper_arm_camera,upper_arm,0.5054360664645958,0.03882119344779485,0.529093422949533,0.8885553778719654,0.03882119344779504,0.8851573939618456,2.4556433989576534
outliers,0,30,0.5,0.25,True,668.7455409992253,161,2247.302256306039,JOINT_HUBER,forearm_camera,forearm,0.4239397601403532,0.044445404569393734,0.6190820873065946,1.0672279186411053,0.04444540456939288,0.8851573939618456,2.4556433989576534
outliers,0,30,0.5,0.25,True,668.7455409992253,161,2247.302256306039,JOINT_HUBER,wrist_camera,gripper,0.3246707486167093,0.07668807553807043,0.8011649759357685,1.439038154314984,0.07668807553807093,0.8851573939618456,2.4556433989576534
outliers,1,30,0.5,0.25,True,13.67376200050785,0,0.0,PARK,upper_arm_camera,upper_arm,3.0634242690134,0.15124607259059178,3.31198501215258,4.928417299086065,0.15124607259059158,5.14620107775038,8.463677009172846
outliers,1,30,0.5,0.25,True,13.67376200050785,0,0.0,PARK,forearm_camera,forearm,3.13967848494078,0.16393986503214755,3.4219709682390076,4.39824997933859,0.16393986503214675,5.14620107775038,8.463677009172846
outliers,1,30,0.5,0.25,True,13.67376200050785,0,0.0,PARK,wrist_camera,gripper,1.0630606655603612,0.20849858291007642,3.268164379281055,5.595336658771039,0.20849858291007622,5.14620107775038,8.463677009172846
outliers,1,30,0.5,0.25,True,25.58159600084764,5,142347.74567744735,JOINT_LINEAR,upper_arm_camera,upper_arm,3.160400011772013,0.25066795338751463,4.223759405560123,6.654852623523268,0.25066795338751396,11.697400548700493,23.5302791379452
outliers,1,30,0.5,0.25,True,25.58159600084764,5,142347.74567744735,JOINT_LINEAR,forearm_camera,forearm,11.168909367668308,0.3813424537336883,9.64734642873281,13.471233906860778,0.3813424537336865,11.697400548700493,23.5302791379452
outliers,1,30,0.5,0.25,True,25.58159600084764,5,142347.74567744735,JOINT_LINEAR,wrist_camera,gripper,4.820970583469164,0.6967265667574971,8.86430008462877,16.92411539000893,0.6967265667574959,11.697400548700493,23.5302791379452
outliers,1,30,0.5,0.25,True,429.7863749998214,102,2832.87804885865,JOINT_HUBER,upper_arm_camera,upper_arm,0.8080950001304976,0.03605662651535358,0.9686859977043604,1.3098744751568738,0.03605662651535416,1.5486024133372251,3.3154804733710126
outliers,1,30,0.5,0.25,True,429.7863749998214,102,2832.87804885865,JOINT_HUBER,forearm_camera,forearm,0.6810804473998537,0.06563131635884219,0.9614000385190999,1.780058589807735,0.06563131635884233,1.5486024133372251,3.3154804733710126
outliers,1,30,0.5,0.25,True,429.7863749998214,102,2832.87804885865,JOINT_HUBER,wrist_camera,gripper,1.2460832424703503,0.07753241005340612,1.2077844375590416,1.965126901955442,0.07753241005340566,1.5486024133372251,3.3154804733710126
outliers,2,30,0.5,0.25,True,13.581987999714329,0,0.0,PARK,upper_arm_camera,upper_arm,3.927053725260833,0.46948665000287326,6.300311078527702,9.432285498751273,0.46948665000287204,4.857765707587304,9.362793028154323
outliers,2,30,0.5,0.25,True,13.581987999714329,0,0.0,PARK,forearm_camera,forearm,1.1754188403685848,0.29344991620152355,2.4026501109181155,4.64357453765807,0.29344991620152416,4.857765707587304,9.362793028154323
outliers,2,30,0.5,0.25,True,13.581987999714329,0,0.0,PARK,wrist_camera,gripper,0.9482055656662587,0.04285859132674379,1.2020153443353307,1.7383731868437304,0.042858591326743696,4.857765707587304,9.362793028154323
outliers,2,30,0.5,0.25,True,25.50837600028899,5,62444.74684315342,JOINT_LINEAR,upper_arm_camera,upper_arm,6.810445354925975,1.1438785942343572,11.060622439591976,21.204715652513265,1.1438785942343583,8.517556080755872,22.16308811921899
outliers,2,30,0.5,0.25,True,25.50837600028899,5,62444.74684315342,JOINT_LINEAR,forearm_camera,forearm,2.0525886869197705,0.26472777773371226,3.3176209544714967,5.677099021039333,0.2647277777337131,8.517556080755872,22.16308811921899
outliers,2,30,0.5,0.25,True,25.50837600028899,5,62444.74684315342,JOINT_LINEAR,wrist_camera,gripper,2.202699973181584,0.12035684830736544,2.0144538534306204,3.3766104882997,0.12035684830736541,8.517556080755872,22.16308811921899
outliers,2,30,0.5,0.25,True,587.639071999547,138,2082.9151110060616,JOINT_HUBER,upper_arm_camera,upper_arm,0.08354589521761345,0.07164769006247365,0.7512821761029854,1.0376146422237416,0.07164769006247411,1.3034084953282858,2.6782998941565994
outliers,2,30,0.5,0.25,True,587.639071999547,138,2082.9151110060616,JOINT_HUBER,forearm_camera,forearm,0.36190568958960967,0.05068062705610598,0.6721998011737367,1.063557224304762,0.050680627056105536,1.3034084953282858,2.6782998941565994
outliers,2,30,0.5,0.25,True,587.639071999547,138,2082.9151110060616,JOINT_HUBER,wrist_camera,gripper,0.8709901599041256,0.048761434386494544,1.2225065663382557,1.8811385950689545,0.048761434386493475,1.3034084953282858,2.6782998941565994
outliers,3,30,0.5,0.25,True,13.682810999853245,0,0.0,PARK,upper_arm_camera,upper_arm,2.113733718523214,0.02437873427448732,2.1711066569782727,2.370443587906486,0.024378734274487134,5.3627021309281675,11.787290275970403
outliers,3,30,0.5,0.25,True,13.682810999853245,0,0.0,PARK,forearm_camera,forearm,2.122009297681489,0.22147516224695515,2.9741387474582313,4.964588712637849,0.22147516224695488,5.3627021309281675,11.787290275970403
outliers,3,30,0.5,0.25,True,13.682810999853245,0,0.0,PARK,wrist_camera,gripper,2.759196313554365,0.3986645968799299,5.514457228836399,10.078407779922046,0.39866459687993067,5.3627021309281675,11.787290275970403
outliers,3,30,0.5,0.25,True,25.434395999582193,5,42456.78062557867,JOINT_LINEAR,upper_arm_camera,upper_arm,1.871781980022117,0.12227703754517304,2.3385020822642297,3.0197816842831715,0.12227703754517252,5.3915278494563035,14.159223751000376
outliers,3,30,0.5,0.25,True,25.434395999582193,5,42456.78062557867,JOINT_LINEAR,forearm_camera,forearm,2.222880575618947,0.25691304083923816,3.621615023852385,6.081652922642926,0.2569130408392373,5.3915278494563035,14.159223751000376
outliers,3,30,0.5,0.25,True,25.434395999582193,5,42456.78062557867,JOINT_LINEAR,wrist_camera,gripper,5.79992204053691,0.4965976392552212,6.005968688498451,13.314375063576625,0.49659763925522105,5.3915278494563035,14.159223751000376
outliers,3,30,0.5,0.25,True,449.4161200000235,106,1793.47399421701,JOINT_HUBER,upper_arm_camera,upper_arm,0.43528633966865354,0.024685390266776283,0.4431949604241694,0.7244028918006808,0.02468539026677647,0.7507074417013232,1.792997697661887
outliers,3,30,0.5,0.25,True,449.4161200000235,106,1793.47399421701,JOINT_HUBER,forearm_camera,forearm,0.33820329413994493,0.020076244397373016,0.3585861003065994,0.6142349259534737,0.020076244397373367,0.7507074417013232,1.792997697661887
outliers,3,30,0.5,0.25,True,449.4161200000235,106,1793.47399421701,JOINT_HUBER,wrist_camera,gripper,0.6577553396341451,0.051107585143411065,0.7443274992340855,1.4763258462100204,0.05110758514341045,0.7507074417013232,1.792997697661887
outliers,4,30,0.5,0.25,True,13.691338999706204,0,0.0,PARK,upper_arm_camera,upper_arm,1.0622884510686363,0.0424197719565605,1.2526215264591445,1.5695759858622376,0.04241977195656129,3.817777192565505,7.718293128216802
outliers,4,30,0.5,0.25,True,13.691338999706204,0,0.0,PARK,forearm_camera,forearm,0.9372986084182514,0.10957836118733964,1.4273528173960428,2.0671897390412024,0.10957836118733821,3.817777192565505,7.718293128216802
outliers,4,30,0.5,0.25,True,13.691338999706204,0,0.0,PARK,wrist_camera,gripper,2.0051382966191227,0.23916796595016598,4.251906659746146,6.236861467340623,0.23916796595016657,3.817777192565505,7.718293128216802
outliers,4,30,0.5,0.25,True,25.34611800001585,5,22514.060696603607,JOINT_LINEAR,upper_arm_camera,upper_arm,1.8135434628899796,0.09342666843598228,2.031361516849848,2.9490305945664073,0.09342666843598242,3.5328097125795797,7.849454254140955
outliers,4,30,0.5,0.25,True,25.34611800001585,5,22514.060696603607,JOINT_LINEAR,forearm_camera,forearm,0.47175379138851004,0.11541393497225873,1.2432406016914241,2.5013102731931047,0.11541393497225885,3.5328097125795797,7.849454254140955
outliers,4,30,0.5,0.25,True,25.34611800001585,5,22514.060696603607,JOINT_LINEAR,wrist_camera,gripper,2.7514658820699873,0.2688251483759225,3.4684513414081626,5.095932993991883,0.26882514837592236,3.5328097125795797,7.849454254140955
outliers,4,30,0.5,0.25,True,367.14820799988956,86,1256.0822195834394,JOINT_HUBER,upper_arm_camera,upper_arm,0.9274052692079142,0.07153898165444487,0.8535638113743784,1.6796085012832258,0.07153898165444407,1.188559777626992,2.299357615022486
outliers,4,30,0.5,0.25,True,367.14820799988956,86,1256.0822195834394,JOINT_HUBER,forearm_camera,forearm,0.3189204681990885,0.06121616961713206,0.6860157712303934,1.3881960217770417,0.06121616961713324,1.188559777626992,2.299357615022486
outliers,4,30,0.5,0.25,True,367.14820799988956,86,1256.0822195834394,JOINT_HUBER,wrist_camera,gripper,0.7508012178940552,0.026815113795660078,0.8916471404267744,1.0793540121001117,0.026815113795660515,1.188559777626992,2.299357615022486
outliers,5,30,0.5,0.25,True,13.800054999592248,0,0.0,PARK,upper_arm_camera,upper_arm,2.425507113066091,0.383338781457989,4.862448214702245,7.696822794191232,0.3833387814579902,5.057212306268371,12.786342311789864
outliers,5,30,0.5,0.25,True,13.800054999592248,0,0.0,PARK,forearm_camera,forearm,0.13752050841629151,0.031630852844947335,0.393249678174185,0.688977170122005,0.03163085284494793,5.057212306268371,12.786342311789864
outliers,5,30,0.5,0.25,True,13.800054999592248,0,0.0,PARK,wrist_camera,gripper,1.6518233184998292,0.21617745333712024,3.7277605948451624,5.938756108619758,0.21617745333712088,5.057212306268371,12.786342311789864
outliers,5,30,0.5,0.25,True,30.93186699970829,5,50960.49079308948,JOINT_LINEAR,upper_arm_camera,upper_arm,5.329191631746136,0.35393358091209604,6.462976755443467,10.551153167712174,0.3539335809120952,7.347685634668518,17.68144371564774
outliers,5,30,0.5,0.25,True,30.93186699970829,5,50960.49079308948,JOINT_LINEAR,forearm_camera,forearm,0.8922535156157277,0.07089854467325965,1.0836051349194737,1.7026127532089566,0.07089854467325936,7.347685634668518,17.68144371564774
outliers,5,30,0.5,0.25,True,30.93186699970829,5,50960.49079308948,JOINT_LINEAR,wrist_camera,gripper,1.8278859078578156,0.38175151878533714,5.764250067009323,9.356031505994757,0.38175151878533703,7.347685634668518,17.68144371564774
outliers,5,30,0.5,0.25,True,492.17799400048534,117,1674.440648600525,JOINT_HUBER,upper_arm_camera,upper_arm,0.7462366713219252,0.08697020604255641,1.1606758211234602,1.8382884105280957,0.08697020604255563,1.2233698844695866,2.9780830184422595
outliers,5,30,0.5,0.25,True,492.17799400048534,117,1674.440648600525,JOINT_HUBER,forearm_camera,forearm,0.47966205923280997,0.015075814194342996,0.5010289478674507,0.6980408994898911,0.015075814194343512,1.2233698844695866,2.9780830184422595
outliers,5,30,0.5,0.25,True,492.17799400048534,117,1674.440648600525,JOINT_HUBER,wrist_camera,gripper,0.40550657690476144,0.05243682326323092,0.9600576450301297,1.4372266483173204,0.052436823263231194,1.2233698844695866,2.9780830184422595
outliers,6,30,0.5,0.25,True,13.607017000140331,0,0.0,PARK,upper_arm_camera,upper_arm,2.006854501334992,0.24391051602554067,3.292937377622091,5.093636902167947,0.24391051602554,3.8363178703504515,9.189852209851075
outliers,6,30,0.5,0.25,True,13.607017000140331,0,0.0,PARK,forearm_camera,forearm,0.05275769900429977,0.06033619594781042,0.6471821076383192,1.118274465347872,0.06033619594780954,3.8363178703504515,9.189852209851075
outliers,6,30,0.5,0.25,True,13.607017000140331,0,0.0,PARK,wrist_camera,gripper,1.463186750421242,0.22707898165414647,3.51300434328229,6.064126627439988,0.22707898165414692,3.8363178703504515,9.189852209851075
outliers,6,30,0.5,0.25,True,20.56527599961555,4,34952.74196509272,JOINT_LINEAR,upper_arm_camera,upper_arm,1.7831528526320368,0.21572696771460617,2.5623448461025062,4.417161928573566,0.21572696771460645,5.169664479453171,11.312243953843401
outliers,6,30,0.5,0.25,True,20.56527599961555,4,34952.74196509272,JOINT_LINEAR,forearm_camera,forearm,0.9488887660023434,0.04659693057373614,1.059839844622727,1.1839412769514246,0.0465969305737355,5.169664479453171,11.312243953843401
outliers,6,30,0.5,0.25,True,20.56527599961555,4,34952.74196509272,JOINT_LINEAR,wrist_camera,gripper,1.3685589941050817,0.45220130005749837,6.1744721077514075,11.132894378244481,0.452201300057498,5.169664479453171,11.312243953843401
outliers,6,30,0.5,0.25,True,428.9170350002678,102,1271.1592085278885,JOINT_HUBER,upper_arm_camera,upper_arm,0.6045817583743517,0.039372764455444104,0.5948778615773328,0.9085392622237589,0.03937276445544425,0.7631456534038479,1.7165192103308995
outliers,6,30,0.5,0.25,True,428.9170350002678,102,1271.1592085278885,JOINT_HUBER,forearm_camera,forearm,0.32513538299998673,0.035937513579304484,0.5284332829995426,0.8266499661906492,0.035937513579303776,0.7631456534038479,1.7165192103308995
outliers,6,30,0.5,0.25,True,428.9170350002678,102,1271.1592085278885,JOINT_HUBER,wrist_camera,gripper,0.7863458139964432,0.049967470399539075,0.6476260874257526,1.0050808006479166,0.04996747039954045,0.7631456534038479,1.7165192103308995
outliers,7,30,0.5,0.25,True,13.624389999677078,0,0.0,PARK,upper_arm_camera,upper_arm,2.063705711961613,0.09821606543395484,2.3332044116403328,2.800225703787768,0.09821606543395402,7.079949257730728,14.232641534210794
outliers,7,30,0.5,0.25,True,13.624389999677078,0,0.0,PARK,forearm_camera,forearm,1.532144246908757,0.19725910007902434,2.4161056882069722,5.201215372309881,0.19725910007902517,7.079949257730728,14.232641534210794
outliers,7,30,0.5,0.25,True,13.624389999677078,0,0.0,PARK,wrist_camera,gripper,6.184787831492427,0.29755529974874967,8.479584337518805,12.45290501128638,0.2975552997487497,7.079949257730728,14.232641534210794
outliers,7,30,0.5,0.25,True,25.331175999781408,5,135945.25300233377,JOINT_LINEAR,upper_arm_camera,upper_arm,5.883326303205097,0.2684232975817765,6.161264392905241,9.167035072147204,0.2684232975817754,13.546315738004429,27.708178506851215
outliers,7,30,0.5,0.25,True,25.331175999781408,5,135945.25300233377,JOINT_LINEAR,forearm_camera,forearm,2.7940839515855256,0.1968461659173996,3.468933710306243,6.039373632015692,0.1968461659173994,13.546315738004429,27.708178506851215
outliers,7,30,0.5,0.25,True,25.331175999781408,5,135945.25300233377,JOINT_LINEAR,wrist_camera,gripper,10.834207515244985,0.9750703965257062,16.243876354443422,25.260370617665803,0.9750703965257048,13.546315738004429,27.708178506851215
outliers,7,30,0.5,0.25,True,393.21052899958886,94,3164.512468963948,JOINT_HUBER,upper_arm_camera,upper_arm,0.40660166427573113,0.039552908632773325,0.5004135148342014,0.8296074814145228,0.03955290863277345,1.1673740156892927,2.3449411498729202
outliers,7,30,0.5,0.25,True,393.21052899958886,94,3164.512468963948,JOINT_HUBER,forearm_camera,forearm,0.2658844824800275,0.051651742795515244,0.5280215235691236,0.9426622807849662,0.05165174279551559,1.1673740156892927,2.3449411498729202
outliers,7,30,0.5,0.25,True,393.21052899958886,94,3164.512468963948,JOINT_HUBER,wrist_camera,gripper,0.7240302998110248,0.08097140777430646,1.2247074596458452,2.038413692122526,0.08097140777430613,1.1673740156892927,2.3449411498729202
outliers,8,30,0.5,0.25,True,13.765013999545772,0,0.0,PARK,upper_arm_camera,upper_arm,2.829447213737795,0.14519431186913034,2.7274781042698044,4.487109013343305,0.14519431186912896,3.9198582395283394,7.2793722099207665
outliers,8,30,0.5,0.25,True,13.765013999545772,0,0.0,PARK,forearm_camera,forearm,2.0699724611355075,0.08227315443568532,1.9256889033942368,3.0616191066958556,0.08227315443568452,3.9198582395283394,7.2793722099207665
outliers,8,30,0.5,0.25,True,13.765013999545772,0,0.0,PARK,wrist_camera,gripper,1.7361510634198523,0.24591760979233507,2.900390295583788,4.861754582550368,0.24591760979233548,3.9198582395283394,7.2793722099207665
outliers,8,30,0.5,0.25,True,21.09733899942512,4,39337.99464972956,JOINT_LINEAR,upper_arm_camera,upper_arm,3.2712506794472334,0.27353347641452186,3.603643595195146,7.680702546434692,0.27353347641452186,5.780864469500923,10.019398988865905
outliers,8,30,0.5,0.25,True,21.09733899942512,4,39337.99464972956,JOINT_LINEAR,forearm_camera,forearm,2.135797680355477,0.296339797458677,4.650822929732969,7.46604620663294,0.2963397974586769,5.780864469500923,10.019398988865905
outliers,8,30,0.5,0.25,True,21.09733899942512,4,39337.99464972956,JOINT_LINEAR,wrist_camera,gripper,3.964099410297464,0.15653276251251183,2.898567632484904,4.373908232261941,0.1565327625125122,5.780864469500923,10.019398988865905
outliers,8,30,0.5,0.25,True,561.1840379997375,131,1584.8493464743165,JOINT_HUBER,upper_arm_camera,upper_arm,1.1779352851180995,0.05268338189623859,1.1630063626376503,1.953033521748688,0.05268338189623892,1.1061777298831252,2.9902462809703327
outliers,8,30,0.5,0.25,True,561.1840379997375,131,1584.8493464743165,JOINT_HUBER,forearm_camera,forearm,0.5495841977190022,0.024164862727985844,0.496474932242701,0.8612929249352398,0.024164862727985178,1.1061777298831252,2.9902462809703327
outliers,8,30,0.5,0.25,True,561.1840379997375,131,1584.8493464743165,JOINT_HUBER,wrist_camera,gripper,0.8827593696781496,0.04155286754660798,1.0312547275751254,1.6569869771770707,0.04155286754660914,1.1061777298831252,2.9902462809703327
outliers,9,30,0.5,0.25,True,13.803133999317652,0,0.0,PARK,upper_arm_camera,upper_arm,0.9644462867810152,0.27529969959243267,2.6946352057693375,4.897570928455865,0.27529969959243367,7.890646817779578,15.98119518765272
outliers,9,30,0.5,0.25,True,13.803133999317652,0,0.0,PARK,forearm_camera,forearm,2.0521965483306004,0.7280286089005172,9.600616115169448,14.93002077374095,0.7280286089005172,7.890646817779578,15.98119518765272
outliers,9,30,0.5,0.25,True,13.803133999317652,0,0.0,PARK,wrist_camera,gripper,2.3402608664484115,0.2082428093926192,2.5749423353803684,3.5879434339355623,0.2082428093926196,7.890646817779578,15.98119518765272
outliers,9,30,0.5,0.25,True,25.45888999975432,5,129780.11638399062,JOINT_LINEAR,upper_arm_camera,upper_arm,4.442628601565797,0.25142266710215305,4.8903178192659995,7.297274418283773,0.2514226671021526,12.855202986103023,28.924227575210665
outliers,9,30,0.5,0.25,True,25.45888999975432,5,129780.11638399062,JOINT_LINEAR,forearm_camera,forearm,4.52093882919103,1.2903102384876852,15.712568839538532,26.87699704212179,1.2903102384876848,12.855202986103023,28.924227575210665
outliers,9,30,0.5,0.25,True,25.45888999975432,5,129780.11638399062,JOINT_LINEAR,wrist_camera,gripper,3.4965431380464356,0.2424929410148292,3.0996384418169893,4.503011193354794,0.24249294101482993,12.855202986103023,28.924227575210665
outliers,9,30,0.5,0.25,True,437.8272759995525,104,2800.518059088823,JOINT_HUBER,upper_arm_camera,upper_arm,0.130470536777982,0.061127747044364675,0.6806429413107429,0.9742215391273001,0.06112774704436483,1.002363578381897,2.2590813504050793
outliers,9,30,0.5,0.25,True,437.8272759995525,104,2800.518059088823,JOINT_HUBER,forearm_camera,forearm,0.6440537585268526,0.028052832845395472,0.6188503828209873,1.083752470056472,0.028052832845395538,1.002363578381897,2.2590813504050793
outliers,9,30,0.5,0.25,True,437.8272759995525,104,2800.518059088823,JOINT_HUBER,wrist_camera,gripper,0.314037660967218,0.042832449544639474,0.7039448143022498,1.28615701944971,0.04283244954463982,1.002363578381897,2.2590813504050793
