noise_level,noise_label,translation_sigma_mm,rotation_sigma_deg_input,trial,num_poses,trajectory_seed,noise_seed,method,success,runtime_ms,error_message,translation_error_mm,rotation_error_deg,mean_target_error_mm,max_target_error_mm,mean_target_rotation_error_deg,max_target_rotation_error_deg
0,ideal,0.0,0.0,0,25,10000,100000,TSAI,True,12.582439999277995,,1.939479807224432e-13,1.8556817225359695e-14,2.5322434608783535e-13,4.3088240465227813e-13,1.8720639914635897e-14,2.3845497550670518e-14
0,ideal,0.0,0.0,0,25,10000,100000,PARK,True,12.436406999768224,,1.0245154072492241e-13,1.7630901772295352e-14,3.920690910211126e-13,6.550551057807856e-13,1.8319887827442343e-14,2.5542341476000755e-14
0,ideal,0.0,0.0,0,25,10000,100000,HORAUD,True,15.303517000575084,,3.179800655392251e-14,3.922952384919702e-14,3.105903706886017e-13,4.997930709674e-13,4.1133275883860023e-14,4.5461242360556595e-14
0,ideal,0.0,0.0,0,25,10000,100000,ANDREFF,True,23.440887999640836,,1.8990270721780402e-13,5.5160663109651845e-14,3.4209696597910387e-13,9.023764073195417e-13,5.4183494628608405e-14,5.784101628204562e-14
0,ideal,0.0,0.0,0,25,10000,100000,DANIILIDIS,True,11.220524000236765,,1.7416485473280469e-13,1.3411262781393515e-14,2.1279837576850608e-13,3.3422138886441676e-13,1.3145830150822529e-14,1.87405609150046e-14
0,ideal,0.0,0.0,1,25,10001,100001,TSAI,True,8.220175999667845,,2.1274245860452972e-13,1.402586679601852e-14,2.6390557197294093e-13,5.331671968450009e-13,1.4920236197507657e-14,1.8913769083085117e-14
0,ideal,0.0,0.0,1,25,10001,100001,PARK,True,9.206509000250662,,7.110250420355456e-14,7.391702022361186e-15,2.985584716516366e-13,8.40494558936129e-13,7.149474808663753e-15,1.0461253117131467e-14
0,ideal,0.0,0.0,1,25,10001,100001,HORAUD,True,9.947956000360136,,7.757919228897728e-14,1.9711772390594277e-14,2.1155440961769712e-13,3.152427400121712e-13,2.0057928353407135e-14,2.4857938458119696e-14
0,ideal,0.0,0.0,1,25,10001,100001,ANDREFF,True,9.587882999767317,,3.0515358888783016e-13,6.480741632934866e-15,3.0037552581820796e-13,5.959374814064024e-13,8.484513390168686e-15,1.4140085852863828e-14
0,ideal,0.0,0.0,1,25,10001,100001,DANIILIDIS,True,10.394168999482645,,1.0198049666328887e-13,4.0684521643021055e-15,1.6722782544394774e-13,2.897767167584095e-13,5.6593409648135085e-15,8.54280132490494e-15
0,ideal,0.0,0.0,2,25,10002,100002,TSAI,True,7.842801000151667,,3.079024220633246e-13,2.870727374222614e-15,3.1563817633488257e-13,4.079219866531555e-13,4.903567297099908e-15,1.1562482457861314e-14
0,ideal,0.0,0.0,2,25,10002,100002,PARK,True,8.742873000301188,,8.268646384127627e-14,2.900987661311585e-14,2.654248030792455e-13,4.552252871008669e-13,2.903504103738179e-14,3.5455029633065483e-14
0,ideal,0.0,0.0,2,25,10002,100002,HORAUD,True,7.942626999465574,,4.8074067159589095e-14,2.03769311322864e-14,1.6459465764265287e-13,4.552252871008669e-13,2.079527145551901e-14,2.5395358199070464e-14
0,ideal,0.0,0.0,2,25,10002,100002,ANDREFF,True,9.464882999964175,,8.913170603436999e-14,1.5018634504029743e-14,2.2202709436909034e-13,4.335559509131367e-13,1.5660290700196882e-14,2.2578347922801265e-14
0,ideal,0.0,0.0,2,25,10002,100002,DANIILIDIS,True,8.27054000001226,,5.4636905236298074e-14,2.4386698835772222e-14,1.7654544290664987e-13,3.1031676915590914e-13,2.4906612088249506e-14,2.8404499047315428e-14
0,ideal,0.0,0.0,3,25,10003,100003,TSAI,True,8.10923900007765,,1.0659731080981682e-13,2.5954717739733026e-14,2.0215148423582742e-13,3.043636481661797e-13,2.7479549304554765e-14,3.1103562627824213e-14
0,ideal,0.0,0.0,3,25,10003,100003,PARK,True,8.486332999382284,,3.282800899393965e-13,2.5332133763778128e-14,3.533817201619197e-13,5.662749647834299e-13,2.6093647057887202e-14,3.004965611519514e-14
0,ideal,0.0,0.0,3,25,10003,100003,HORAUD,True,8.269347999885213,,2.1588771306901907e-13,3.121404817076096e-14,2.779747755477481e-13,4.685680459230494e-13,3.115890261852276e-14,3.6089879394771276e-14
0,ideal,0.0,0.0,3,25,10003,100003,ANDREFF,True,9.181233000163047,,1.7663540160192468e-13,2.3609811868309693e-14,3.8542036003111467e-13,6.479604369685061e-13,2.4371049786605456e-14,2.8693965577223933e-14
0,ideal,0.0,0.0,3,25,10003,100003,DANIILIDIS,True,8.460415000627108,,6.938893903907228e-14,1.1397802857433823e-14,1.5337388711829205e-13,3.002224531865041e-13,1.3225131625872263e-14,1.8108883780991684e-14
0,ideal,0.0,0.0,4,25,10004,100004,TSAI,True,8.3058259997415,,1.5285266644009733e-13,4.649109652207451e-14,3.0318052027744456e-13,5.667848928154234e-13,4.602774619320127e-14,4.891619434934958e-14
0,ideal,0.0,0.0,4,25,10004,100004,PARK,True,8.754974999646947,,2.0101845100804726e-13,4.607755344947346e-14,5.486342999845389e-13,9.457282200365137e-13,4.69340328050444e-14,5.2011761957742976e-14
0,ideal,0.0,0.0,4,25,10004,100004,HORAUD,True,8.186371999727271,,1.962615573354719e-14,2.9186555905084775e-14,2.1976929888829817e-13,3.9350319887992497e-13,2.9523299629894404e-14,3.444703989959052e-14
0,ideal,0.0,0.0,4,25,10004,100004,ANDREFF,True,9.247597000467067,,2.49920618414945e-13,3.29179067421642e-14,3.8287671682905034e-13,6.550551057807856e-13,3.265290315908913e-14,3.672546381910728e-14
0,ideal,0.0,0.0,4,25,10004,100004,DANIILIDIS,True,8.324370000082126,,3.736708725176135e-14,1.000233613510637e-14,1.6819575624394042e-13,3.6506759942727967e-13,1.1606399377612322e-14,1.4528733240013546e-14
0,ideal,0.0,0.0,5,25,10005,100005,TSAI,True,8.076548000644834,,6.973502068242161e-14,3.0308039354546483e-14,2.1979165894856473e-13,4.050792900924367e-13,3.075145625047589e-14,3.410621289139212e-14
0,ideal,0.0,0.0,5,25,10005,100005,PARK,True,9.463600999879418,,1.5218182408308986e-13,9.295166231420767e-15,3.4226224654464927e-13,8.044330061068549e-13,1.03498790348973e-14,1.3929430821851394e-14
0,ideal,0.0,0.0,5,25,10005,100005,HORAUD,True,8.784571000433061,,1.5531346546082257e-13,2.8760803977184365e-14,2.6688053328419876e-13,5.23691153334427e-13,2.9003204040367325e-14,3.274334706562976e-14
0,ideal,0.0,0.0,5,25,10005,100005,ANDREFF,True,9.822662000260607,,2.8609792490763985e-14,1.608030836268441e-14,2.2217719454065611e-13,4.871083751574258e-13,1.513304772569053e-14,1.8500816075703717e-14
0,ideal,0.0,0.0,5,25,10005,100005,DANIILIDIS,True,9.37648800027091,,1.5531346546082257e-13,1.5147042000721498e-14,2.509644243233193e-13,5.185169430563076e-13,1.59976506866987e-14,1.9679246802007952e-14
0,ideal,0.0,0.0,6,25,10006,100006,TSAI,True,9.37573600003816,,6.254634441385502e-14,1.4592548376273973e-14,1.593776817900163e-13,2.8441001681421825e-13,1.5492364732761847e-14,2.1600359301631916e-14
0,ideal,0.0,0.0,6,25,10006,100006,PARK,True,10.366216999500466,,8.275921921288955e-14,9.641844038212148e-15,2.0973741583135737e-13,3.868394456087541e-13,9.579700576010463e-15,1.661047443774246e-14
0,ideal,0.0,0.0,6,25,10006,100006,HORAUD,True,8.743022999624372,,9.916793725054144e-14,1.677682286190017e-14,1.6890450081443486e-13,3.002224531865041e-13,1.827009842887923e-14,2.3289842678344068e-14
0,ideal,0.0,0.0,6,25,10006,100006,ANDREFF,True,10.102714999447926,,8.469999434971913e-14,1.5529423178013e-14,2.2945160202963224e-13,3.554447978966673e-13,1.5019574392410978e-14,1.8506161534457452e-14
0,ideal,0.0,0.0,6,25,10006,100006,DANIILIDIS,True,8.82821300001524,,1.249000902703301e-13,1.3254798387629252e-14,2.0881602754088994e-13,3.5652682413747997e-13,1.513617507249717e-14,2.0270133337721198e-14
0,ideal,0.0,0.0,7,25,10007,100007,TSAI,True,8.4289060005176,,1.7193901432293972e-13,1.4750524929586686e-14,2.1701352162641785e-13,4.62985963945236e-13,1.538090481393092e-14,1.8869324049441795e-14
0,ideal,0.0,0.0,7,25,10007,100007,PARK,True,9.329530000286468,,9.837579971998124e-14,3.944132277415589e-14,2.780404717175038e-13,6.087272963323594e-13,3.947701620356685e-14,4.238479911016055e-14
0,ideal,0.0,0.0,7,25,10007,100007,HORAUD,True,8.828852999613446,,1.4254318964189535e-13,1.4803924747829098e-14,1.6474780033852144e-13,3.2368285245694687e-13,1.5082592535803538e-14,2.1407537678978487e-14
0,ideal,0.0,0.0,7,25,10007,100007,ANDREFF,True,9.86494000062521,,1.0126982252310918e-13,1.4953965072614925e-14,2.512964494978364e-13,4.815412394636862e-13,1.6593203738323673e-14,2.0321685009127697e-14
0,ideal,0.0,0.0,7,25,10007,100007,DANIILIDIS,True,8.871684000041569,,3.122502256758253e-14,2.1239646728945427e-14,1.7933233185204464e-13,2.7894008272968644e-13,2.111633459918778e-14,2.545303781971805e-14
0,ideal,0.0,0.0,8,25,10008,100008,TSAI,True,8.345379999809666,,6.938893903907228e-14,3.088775656653861e-14,1.9940291616373162e-13,3.973993651728112e-13,2.99918506076341e-14,3.3288839936208066e-14
0,ideal,0.0,0.0,8,25,10008,100008,PARK,True,9.220906000336981,,1.4304896245381992e-13,1.7963107355704008e-14,1.8082625804394973e-13,3.1031676915590914e-13,1.8821092725549644e-14,2.24864225423565e-14
0,ideal,0.0,0.0,8,25,10008,100008,HORAUD,True,8.606869000686856,,1.4376242803912824e-13,1.613301647228859e-14,2.100732967046976e-13,3.554447978966673e-13,1.594653387053222e-14,1.880745980399065e-14
0,ideal,0.0,0.0,8,25,10008,100008,ANDREFF,True,10.111080000569928,,1.268129135207981e-13,1.5693468873193406e-14,2.1390393136895035e-13,3.6506759942727967e-13,1.466855719395975e-14,1.83782811011516e-14
0,ideal,0.0,0.0,8,25,10008,100008,DANIILIDIS,True,8.76499399964814,,1.5716250041522724e-13,8.61804461708163e-15,1.61714361193435e-13,2.897767167584095e-13,9.399133607338086e-15,1.3944183660328891e-14
0,ideal,0.0,0.0,9,25,10009,100009,TSAI,True,8.239982999839413,,1.4156874119585747e-13,8.042255981417827e-15,2.096387513357953e-13,4.272916553455145e-13,9.936987318832017e-15,1.533488818866253e-14
0,ideal,0.0,0.0,9,25,10009,100009,PARK,True,9.21299200035719,,2.5485679777957567e-13,3.958645502098114e-14,4.854296602570416e-13,1.1064000509094924e-12,4.011550326689816e-14,4.547558671816275e-14
0,ideal,0.0,0.0,9,25,10009,100009,HORAUD,True,8.695984999576467,,2.1375848037115902e-13,4.886493202439449e-14,4.3486324497376796e-13,7.676812899781355e-13,4.9511345298013645e-14,5.281105356633218e-14
0,ideal,0.0,0.0,9,25,10009,100009,ANDREFF,True,9.949850000339211,,7.252720979472214e-14,1.313313785632341e-14,1.9499735481430306e-13,3.6506759942727967e-13,1.336814129658946e-14,1.7019114681526015e-14
0,ideal,0.0,0.0,9,25,10009,100009,DANIILIDIS,True,9.33128199994826,,1.654093173689172e-13,2.501333960675452e-14,2.609025242778842e-13,4.4754520913118095e-13,2.482460796511438e-14,3.062544119780778e-14
1,very-low,0.1,0.05,0,25,10000,110000,TSAI,True,8.475043000544247,,0.0200096758830766,0.009908680085457975,0.04774677192671568,0.09188079504468084,0.009908680085458385,0.009908680085463554
1,very-low,0.1,0.05,0,25,10000,110000,PARK,True,9.447630000067875,,0.018348349418153154,0.010208893835389204,0.048704234124541106,0.0906797869958939,0.010208893835389931,0.010208893835395284
1,very-low,0.1,0.05,0,25,10000,110000,HORAUD,True,8.876021999640216,,0.01863220620365783,0.010090479571615903,0.048221822727068375,0.09039693233623676,0.010090479571616467,0.010090479571620568
1,very-low,0.1,0.05,0,25,10000,110000,ANDREFF,True,9.859439999672759,,0.021702955709708444,0.009628283107247518,0.0463686780682512,0.08999476845347111,0.009628283107249686,0.0096282831072548
1,very-low,0.1,0.05,0,25,10000,110000,DANIILIDIS,True,8.726942999601306,,0.02435175331887458,0.009647746903223226,0.04505077022062649,0.09222535089841591,0.009647746903222539,0.009647746903228227
1,very-low,0.1,0.05,1,25,10001,110001,TSAI,True,8.466346000204794,,0.03400278901315911,0.013860043946155825,0.10006991762946024,0.1584485913261381,0.013860043946155316,0.0138600439461595
1,very-low,0.1,0.05,1,25,10001,110001,PARK,True,9.122503000071447,,0.01672653842950489,0.011069803480276374,0.07209083112454837,0.11813881175077522,0.011069803480276587,0.011069803480279842
1,very-low,0.1,0.05,1,25,10001,110001,HORAUD,True,8.645840999633947,,0.016343880380182554,0.01181718718759205,0.0757659550644355,0.12440927952624876,0.011817187187592157,0.011817187187597193
1,very-low,0.1,0.05,1,25,10001,110001,ANDREFF,True,10.13095800044539,,0.017030572173356733,0.01127562509567987,0.07332212663606896,0.11965234155538557,0.01127562509567934,0.011275625095681363
1,very-low,0.1,0.05,1,25,10001,110001,DANIILIDIS,True,8.860562999871036,,0.02000652672718582,0.011160784225674826,0.0751716372244885,0.12239329859222339,0.01116078422567515,0.011160784225678327
1,very-low,0.1,0.05,2,25,10002,110002,TSAI,True,8.417955999902915,,0.01646025827930671,0.0070486757047653874,0.04511741066223601,0.09137272262743953,0.007048675704764825,0.007048675704773858
1,very-low,0.1,0.05,2,25,10002,110002,PARK,True,9.313047999967239,,0.02068407303320696,0.009214293878432344,0.0549555071324628,0.11618503162406654,0.009214293878432952,0.009214293878438766
1,very-low,0.1,0.05,2,25,10002,110002,HORAUD,True,8.3093920002284,,0.019919747514145426,0.008384778740493228,0.0517071637978779,0.10941007905367542,0.008384778740494165,0.00838477874049956
1,very-low,0.1,0.05,2,25,10002,110002,ANDREFF,True,9.584877000634151,,0.020276371137450414,0.008445317529841411,0.05566332778101294,0.10961205876117171,0.008445317529840733,0.008445317529848726
1,very-low,0.1,0.05,2,25,10002,110002,DANIILIDIS,True,8.63768599992909,,0.008584608059839944,0.008215835018735513,0.04634502525498459,0.10035962459252752,0.008215835018736026,0.008215835018742752
1,very-low,0.1,0.05,3,25,10003,110003,TSAI,True,8.086075000392157,,0.05992621547793557,0.018250011800074448,0.1408890147621544,0.2263896600865853,0.01825001180007422,0.018250011800080096
1,very-low,0.1,0.05,3,25,10003,110003,PARK,True,8.735849999538914,,0.024859466354370675,0.011402464735773842,0.0776149214891848,0.14969074508363936,0.011402464735773088,0.01140246473577622
1,very-low,0.1,0.05,3,25,10003,110003,HORAUD,True,8.235023999986879,,0.024799208128595658,0.01223007711242982,0.08303763565292305,0.15799262670572778,0.012230077112430729,0.012230077112436882
1,very-low,0.1,0.05,3,25,10003,110003,ANDREFF,True,9.497584000200732,,0.028167616205477992,0.011355192825675497,0.08088672022478265,0.14918600220967193,0.011355192825676326,0.011355192825679847
1,very-low,0.1,0.05,3,25,10003,110003,DANIILIDIS,True,8.675967999806744,,0.030708128035027055,0.011664268973001685,0.08418033588287643,0.1541462197931014,0.0116642689730011,0.01166426897300381
1,very-low,0.1,0.05,4,25,10004,110004,TSAI,True,8.135707999826991,,0.07106333672607298,0.016241967924478455,0.09478534252459916,0.17858290012572509,0.01624196792447849,0.016241967924483125
1,very-low,0.1,0.05,4,25,10004,110004,PARK,True,9.106872999836924,,0.0896961938093903,0.015243154080202747,0.10245381722173576,0.19412025196509078,0.015243154080202525,0.015243154080205353
1,very-low,0.1,0.05,4,25,10004,110004,HORAUD,True,8.431401000052574,,0.09112161418976275,0.015584279057338684,0.1025935876769934,0.193915627852993,0.015584279057338873,0.015584279057345166
1,very-low,0.1,0.05,4,25,10004,110004,ANDREFF,True,9.76588499997888,,0.10873747668501274,0.014983458965055698,0.11000934042561257,0.20952765901623271,0.014983458965055882,0.014983458965059065
1,very-low,0.1,0.05,4,25,10004,110004,DANIILIDIS,True,8.570961999794235,,0.07642121751866333,0.01479076976422363,0.09245556504468896,0.17589800782135676,0.01479076976422359,0.01479076976422676
1,very-low,0.1,0.05,5,25,10005,110005,TSAI,True,8.605025000179012,,0.0489009713241231,0.024038424692906724,0.1338418020084704,0.2760460830960676,0.024038424692906058,0.02403842469291152
1,very-low,0.1,0.05,5,25,10005,110005,PARK,True,8.913771999687015,,0.030549355373776177,0.014722272561808573,0.08226213529736649,0.16487601077910216,0.014722272561807644,0.01472227256181321
1,very-low,0.1,0.05,5,25,10005,110005,HORAUD,True,8.737502000258246,,0.030904931877865353,0.016248925018314386,0.08921385332193986,0.1802486188411928,0.016248925018314698,0.01624892501831753
1,very-low,0.1,0.05,5,25,10005,110005,ANDREFF,True,9.76166700002068,,0.0299215935220303,0.015652730663025992,0.08619607253686436,0.17336350255135796,0.01565273066302537,0.01565273066303034
1,very-low,0.1,0.05,5,25,10005,110005,DANIILIDIS,True,8.75118800013297,,0.030900032503327204,0.015668214127698896,0.0850155684594463,0.17131509131685058,0.01566821412769781,0.015668214127702453
1,very-low,0.1,0.05,6,25,10006,110006,TSAI,True,8.314141000482778,,0.04937182557043332,0.006724275435564185,0.040250917383114766,0.07948392825079488,0.006724275435565691,0.006724275435571158
1,very-low,0.1,0.05,6,25,10006,110006,PARK,True,9.473348000028636,,0.024401808122240142,0.004975048869972152,0.028777678552170345,0.04673361375681659,0.00497504886997345,0.004975048869977773
1,very-low,0.1,0.05,6,25,10006,110006,HORAUD,True,9.514665999631688,,0.02513198033081459,0.005350709422568733,0.029947750556352088,0.051079735284310056,0.005350709422568415,0.005350709422572253
1,very-low,0.1,0.05,6,25,10006,110006,ANDREFF,True,9.727503999783949,,0.024494055750000365,0.005025991106624394,0.02805455343455315,0.05057847258610447,0.005025991106623978,0.00502599110662795
1,very-low,0.1,0.05,6,25,10006,110006,DANIILIDIS,True,8.668041999953857,,0.021744390462436865,0.005104891873618176,0.029155432231007944,0.04712137821627764,0.0051048918736186525,0.00510489187362225
1,very-low,0.1,0.05,7,25,10007,110007,TSAI,True,8.262325000032433,,0.012716101739020557,0.009095134487802,0.048158984405112785,0.08334895468519002,0.009095134487802048,0.009095134487805882
1,very-low,0.1,0.05,7,25,10007,110007,PARK,True,9.158940999441256,,0.016583421194743785,0.008334375538691596,0.050187725862788954,0.08335126810317209,0.008334375538690842,0.008334375538693678
1,very-low,0.1,0.05,7,25,10007,110007,HORAUD,True,8.576582000387134,,0.016189775561896703,0.008364114719010302,0.05019129761286427,0.0828021142181522,0.008364114719010557,0.008364114719013674
1,very-low,0.1,0.05,7,25,10007,110007,ANDREFF,True,9.58331400033785,,0.015791750168236182,0.00839750512943288,0.05004275990088327,0.08267454785240289,0.008397505129433604,0.008397505129436706
1,very-low,0.1,0.05,7,25,10007,110007,DANIILIDIS,True,8.904676000383915,,0.024115945909548513,0.0083681754439881,0.05038901776406916,0.09707330163303089,0.00836817544398777,0.00836817544399124
1,very-low,0.1,0.05,8,25,10008,110008,TSAI,True,8.237338000071759,,0.057759659131112306,0.018505958141686155,0.09077536350055393,0.15860964104321662,0.01850595814168699,0.018505958141690548
1,very-low,0.1,0.05,8,25,10008,110008,PARK,True,9.159090999673936,,0.08000877095438275,0.01936502315436057,0.1043613195148536,0.18359803690936682,0.019365023154360835,0.019365023154364752
1,very-low,0.1,0.05,8,25,10008,110008,HORAUD,True,8.54109600004449,,0.07987803112022748,0.019487572066692868,0.10504231242461023,0.18464081411163932,0.019487572066692778,0.019487572066695474
1,very-low,0.1,0.05,8,25,10008,110008,ANDREFF,True,9.777958000086073,,0.07820421800764496,0.019106925625512597,0.10600008064264466,0.17982505789349168,0.019106925625513475,0.01910692562551695
1,very-low,0.1,0.05,8,25,10008,110008,DANIILIDIS,True,8.734968000680965,,0.07631893422087094,0.01854064373465277,0.09981536406627475,0.1775369743909333,0.018540643734653365,0.018540643734657043
1,very-low,0.1,0.05,9,25,10009,110009,TSAI,True,8.230925999669125,,0.06398306220697723,0.007347404417343681,0.0714978613574453,0.1157311354815926,0.007347404417344549,0.0073474044173473104
1,very-low,0.1,0.05,9,25,10009,110009,PARK,True,9.144703999481862,,0.052708127791657275,0.011338115186277739,0.06368096496851168,0.10235911805104668,0.011338115186277564,0.011338115186280669
1,very-low,0.1,0.05,9,25,10009,110009,HORAUD,True,8.561904999623948,,0.053219586157891165,0.010654845444044346,0.06325469750978618,0.09914780188525157,0.010654845444043572,0.01065484544404811
1,very-low,0.1,0.05,9,25,10009,110009,ANDREFF,True,9.623058000215678,,0.04458036254721096,0.010388879595164683,0.05950171787552179,0.09240477486745619,0.010388879595163244,0.010388879595166276
1,very-low,0.1,0.05,9,25,10009,110009,DANIILIDIS,True,8.816300000034971,,0.04743638326376644,0.010408561643537621,0.05770670490867985,0.0951961956603207,0.010408561643538514,0.01040856164354357
2,low,0.25,0.1,0,25,10000,120000,TSAI,True,8.118875999571173,,0.10468078572245415,0.0036508827288066095,0.10309775406502243,0.12132558133175983,0.003650882728805173,0.0036508827288082414
2,low,0.25,0.1,0,25,10000,120000,PARK,True,9.135357000559452,,0.10053115774707733,0.011444963113686882,0.09842109236855012,0.1666674835933181,0.011444963113686726,0.011444963113694265
2,low,0.25,0.1,0,25,10000,120000,HORAUD,True,8.49566099986987,,0.10013512815280526,0.010272656381815615,0.09504658006723951,0.16129075463029818,0.010272656381816792,0.010272656381821666
2,low,0.25,0.1,0,25,10000,120000,ANDREFF,True,9.910976000355731,,0.061485918347198645,0.011181294147852938,0.07576860643838991,0.13386886882063556,0.011181294147853248,0.011181294147858383
2,low,0.25,0.1,0,25,10000,120000,DANIILIDIS,True,8.813985999950091,,0.09419858337830779,0.011902250197555388,0.09004552429088945,0.16552333103871528,0.011902250197555524,0.01190225019755928
2,low,0.25,0.1,1,25,10001,120001,TSAI,True,8.430880000560137,,0.07871754316555946,0.032545419852213577,0.16374729678955632,0.38461876978765674,0.032545419852213806,0.03254541985221792
2,low,0.25,0.1,1,25,10001,120001,PARK,True,9.058773000106157,,0.08729632985236604,0.024210042824347595,0.14127009121484496,0.2738610346465169,0.02421004282434909,0.024210042824354874
2,low,0.25,0.1,1,25,10001,120001,HORAUD,True,8.575059999202495,,0.08802495274538392,0.023915013243775946,0.13207106657777865,0.2755156784111691,0.023915013243776914,0.02391501324378172
2,low,0.25,0.1,1,25,10001,120001,ANDREFF,True,9.516479000012623,,0.08974120229101121,0.023935331940587737,0.1327359401588272,0.27844857624725383,0.023935331940588514,0.023935331940593132
2,low,0.25,0.1,1,25,10001,120001,DANIILIDIS,True,8.719819999896572,,0.10045476728307001,0.02307673363689825,0.133044905914495,0.2736218630767618,0.023076733636898966,0.023076733636903043
2,low,0.25,0.1,2,25,10002,120002,TSAI,True,8.133653999720991,,0.08044712428300953,0.004771835728475066,0.08988979458280454,0.12576319597107244,0.004771835728474765,0.004771835728480084
2,low,0.25,0.1,2,25,10002,120002,PARK,True,9.21454499984975,,0.057879566022658806,0.007586033058390219,0.07140198424349548,0.12767907822824512,0.007586033058391598,0.007586033058396474
2,low,0.25,0.1,2,25,10002,120002,HORAUD,True,8.417645000008633,,0.05926638685133799,0.005836349645519106,0.072238669575083,0.1166616007485098,0.00583634964551897,0.005836349645524073
2,low,0.25,0.1,2,25,10002,120002,ANDREFF,True,9.863678000328946,,0.058533392091318415,0.0054112548519643176,0.07032554138294468,0.1114372050234145,0.005411254851965661,0.00541125485196945
2,low,0.25,0.1,2,25,10002,120002,DANIILIDIS,True,8.47916000020632,,0.04338355250280092,0.004624079622805748,0.05108873787610738,0.08632341889348101,0.004624079622806128,0.004624079622811339
2,low,0.25,0.1,3,25,10003,120003,TSAI,True,8.118306000142184,,0.059033242614632046,0.009027861581311157,0.09745924365686097,0.1434998186557839,0.009027861581311582,0.009027861581315466
2,low,0.25,0.1,3,25,10003,120003,PARK,True,8.868306999829656,,0.0848550914274666,0.013336617969457766,0.1170282617281097,0.16612279315932754,0.013336617969458819,0.013336617969466572
2,low,0.25,0.1,3,25,10003,120003,HORAUD,True,8.468901000014739,,0.08305895362213363,0.010826689259484342,0.110843101999264,0.15002681129608758,0.01082668925948455,0.010826689259491193
2,low,0.25,0.1,3,25,10003,120003,ANDREFF,True,9.596498999599135,,0.09081712998461917,0.010338583741336052,0.11733509682383243,0.15608082931066528,0.010338583741335654,0.010338583741339478
2,low,0.25,0.1,3,25,10003,120003,DANIILIDIS,True,8.721342999706394,,0.05954175010417643,0.009791470086897567,0.08141307401777287,0.1373322107803899,0.009791470086898315,0.009791470086902536
2,low,0.25,0.1,4,25,10004,120004,TSAI,True,8.418196000093303,,0.10816961699396913,0.032962819920452614,0.1972582920639493,0.35115865297246684,0.03296281992045211,0.03296281992045572
2,low,0.25,0.1,4,25,10004,120004,PARK,True,9.3098329998611,,0.11695459195159175,0.028110924046830386,0.19201830403876372,0.30415487453261947,0.02811092404682887,0.028110924046834157
2,low,0.25,0.1,4,25,10004,120004,HORAUD,True,8.54415199955838,,0.11396127447167258,0.028137732523990204,0.19143292491519112,0.30967789123494927,0.028137732523990065,0.02813773252399447
2,low,0.25,0.1,4,25,10004,120004,ANDREFF,True,9.682169000370777,,0.12897545164258947,0.028228138949192003,0.21505999993520472,0.3191869487287241,0.028228138949192946,0.02822813894919678
2,low,0.25,0.1,4,25,10004,120004,DANIILIDIS,True,8.54043500021362,,0.09125600803716119,0.02833314454237609,0.1770470292469242,0.29282546840128076,0.028333144542375868,0.02833314454238231
2,low,0.25,0.1,5,25,10005,120005,TSAI,True,8.08218800011673,,0.14109247060877653,0.010573958887688148,0.1427234295257355,0.24298444158087756,0.010573958887687607,0.010573958887692523
2,low,0.25,0.1,5,25,10005,120005,PARK,True,8.881112000381108,,0.10299956757515905,0.008113819421865462,0.09553387917914265,0.15880456908175206,0.008113819421866538,0.008113819421871914
2,low,0.25,0.1,5,25,10005,120005,HORAUD,True,8.715101000234426,,0.10336770107243969,0.0052915397061025354,0.0965261278909863,0.13727791230376998,0.0052915397061022865,0.005291539706106837
2,low,0.25,0.1,5,25,10005,120005,ANDREFF,True,10.262282999974559,,0.10591866568727054,0.005816314542266998,0.09821838058713657,0.14039076026060554,0.0058163145422681795,0.005816314542272188
2,low,0.25,0.1,5,25,10005,120005,DANIILIDIS,True,11.200527000255533,,0.11651486418225102,0.007017665610112148,0.11066165124658096,0.14298415546660118,0.007017665610112597,0.007017665610115798
2,low,0.25,0.1,6,25,10006,120006,TSAI,True,8.791524000116624,,0.0946777954640172,0.03589413090840246,0.2573299743585951,0.3877607173051071,0.03589413090840319,0.035894130908407526
2,low,0.25,0.1,6,25,10006,120006,PARK,True,9.42238300012832,,0.1315729627934367,0.020702874269077864,0.19396917084450355,0.2605432620955682,0.02070287426907827,0.0207028742690846
2,low,0.25,0.1,6,25,10006,120006,HORAUD,True,8.620234000773053,,0.13206879354951132,0.02315288774821726,0.20554735575358732,0.2797792702057345,0.02315288774821851,0.02315288774822332
2,low,0.25,0.1,6,25,10006,120006,ANDREFF,True,9.728233999339864,,0.13794635728144147,0.022488976065564818,0.21613533753084108,0.3006148447830217,0.0224889760655648,0.022488976065571046
2,low,0.25,0.1,6,25,10006,120006,DANIILIDIS,True,8.733094000490382,,0.11713399701766739,0.02183214823914528,0.19194768166786316,0.26491865536032033,0.021832148239144332,0.021832148239150483
2,low,0.25,0.1,7,25,10007,120007,TSAI,True,10.46086499991361,,0.06605750057049176,0.024885897583317804,0.14789742769866215,0.2272212505924011,0.024885897583318557,0.024885897583323362
2,low,0.25,0.1,7,25,10007,120007,PARK,True,10.563505999925837,,0.09937282454331996,0.021150206764817384,0.1303711778739308,0.2339280154936598,0.02115020676481643,0.021150206764820084
2,low,0.25,0.1,7,25,10007,120007,HORAUD,True,9.650529999817081,,0.09923140573933223,0.02165461252869803,0.1327641373447804,0.23088855608421824,0.02165461252869843,0.021654612528702127
2,low,0.25,0.1,7,25,10007,120007,ANDREFF,True,10.300735000782879,,0.09994043707884878,0.021048113668263237,0.13069537333501846,0.22788917080005902,0.021048113668263774,0.021048113668268892
2,low,0.25,0.1,7,25,10007,120007,DANIILIDIS,True,8.997709000141185,,0.10308675348880199,0.020945074044121006,0.13000631659078005,0.23560662070148025,0.02094507404412187,0.020945074044125704
2,low,0.25,0.1,8,25,10008,120008,TSAI,True,8.43202200030646,,0.11211545017225437,0.02183310142278565,0.1465895337837349,0.2655028337146222,0.02183310142278664,0.021833101422789897
2,low,0.25,0.1,8,25,10008,120008,PARK,True,9.473299000092084,,0.12113636033570313,0.019443579792305963,0.17092733027383908,0.26376723000261965,0.019443579792306594,0.019443579792311094
2,low,0.25,0.1,8,25,10008,120008,HORAUD,True,8.735659000194573,,0.12147403303741475,0.01964196543815314,0.17082747976771837,0.2655657672942696,0.01964196543815331,0.019641965438157973
2,low,0.25,0.1,8,25,10008,120008,ANDREFF,True,10.600184999930207,,0.13735406804867753,0.019197409981593375,0.18236963405200582,0.26715265640656505,0.019197409981594193,0.019197409981599793
2,low,0.25,0.1,8,25,10008,120008,DANIILIDIS,True,8.568416999878536,,0.11789043968102364,0.019976769944046822,0.16381397906597378,0.23205161359060889,0.019976769944047602,0.019976769944050513
2,low,0.25,0.1,9,25,10009,120009,TSAI,True,8.018558999538072,,0.03071702209356878,0.017632171785215804,0.11315982047295625,0.20441710507421998,0.01763217178521515,0.017632171785219076
2,low,0.25,0.1,9,25,10009,120009,PARK,True,9.03916700008267,,0.051893769532764346,0.023157619761496214,0.13683332050744734,0.27038653336025353,0.023157619761493987,0.023157619761498962
2,low,0.25,0.1,9,25,10009,120009,HORAUD,True,8.315815000059956,,0.05139821596975634,0.021510721935026695,0.1290526094179429,0.25141053008516356,0.021510721935026785,0.021510721935030782
2,low,0.25,0.1,9,25,10009,120009,ANDREFF,True,9.721041000375408,,0.1035213319410671,0.021212856847091798,0.15528601317792082,0.2867955001660522,0.021212856847092346,0.021212856847098036
2,low,0.25,0.1,9,25,10009,120009,DANIILIDIS,True,8.594314999754715,,0.056433923179610684,0.020641810078478193,0.1263648902932128,0.24153230600921358,0.02064181007847829,0.02064181007848277
3,moderate,0.5,0.25,0,25,10000,130000,TSAI,True,8.085954999842215,,0.2997971488856189,0.03927646136918301,0.3738066275090725,0.6021934619793725,0.039276461369181954,0.03927646136918792
3,moderate,0.5,0.25,0,25,10000,130000,PARK,True,8.901860000150918,,0.3677943821943987,0.04936919017773735,0.4835208083013208,0.7560531875861453,0.049369190177738845,0.049369190177741856
3,moderate,0.5,0.25,0,25,10000,130000,HORAUD,True,8.408037000663171,,0.37140741814527556,0.04643641427612224,0.4705615407646043,0.7362305798217791,0.04643641427612283,0.0464364142761277
3,moderate,0.5,0.25,0,25,10000,130000,ANDREFF,True,9.440826999707497,,0.46600193894323577,0.0459110509715278,0.5416494941980232,0.8150854789928886,0.04591105097152893,0.04591105097153444
3,moderate,0.5,0.25,0,25,10000,130000,DANIILIDIS,True,8.71745499989629,,0.2983104221437382,0.04510904235127481,0.40230500708440237,0.6976763435852374,0.04510904235127461,0.04510904235127995
3,moderate,0.5,0.25,1,25,10001,130001,TSAI,True,8.307158000206982,,0.21916819508898858,0.040321625585708905,0.29304631152973293,0.6009240057747517,0.040321625585709134,0.040321625585712666
3,moderate,0.5,0.25,1,25,10001,130001,PARK,True,9.068601999388193,,0.19462635917773508,0.029393858257683255,0.24327220841279198,0.4336873940157166,0.029393858257682873,0.029393858257688733
3,moderate,0.5,0.25,1,25,10001,130001,HORAUD,True,8.373321999897598,,0.19564184084477187,0.032714953052641174,0.25229675340688523,0.46642227880143156,0.03271495305264118,0.03271495305264622
3,moderate,0.5,0.25,1,25,10001,130001,ANDREFF,True,9.642824999900768,,0.21967337881753712,0.03476835984996152,0.2800349976577814,0.5215814113763034,0.03476835984996175,0.03476835984996635
3,moderate,0.5,0.25,1,25,10001,130001,DANIILIDIS,True,8.564620000470313,,0.21334312109299497,0.03500792832377376,0.2765163079886783,0.4709042585439082,0.03500792832377482,0.03500792832377891
3,moderate,0.5,0.25,2,25,10002,130002,TSAI,True,8.443002999229066,,0.5432206236814882,0.08371970714393523,0.562748346749318,0.9863390328439577,0.08371970714393637,0.08371970714394025
3,moderate,0.5,0.25,2,25,10002,130002,PARK,True,9.111120999477862,,0.5119067695408865,0.08097445264595944,0.47621889867947664,0.8253130146183169,0.08097445264595939,0.08097445264596326
3,moderate,0.5,0.25,2,25,10002,130002,HORAUD,True,8.559639999475621,,0.508442309977635,0.0800102108375886,0.4821418007974221,0.8393956423708632,0.08001021083758958,0.08001021083759523
3,moderate,0.5,0.25,2,25,10002,130002,ANDREFF,True,9.505388999969,,0.559492498975669,0.07943486772697851,0.5189681606930711,0.9550416411595035,0.07943486772697887,0.0794348677269864
3,moderate,0.5,0.25,2,25,10002,130002,DANIILIDIS,True,8.686146999934863,,0.4289726387321713,0.07927756509002892,0.4343019815193449,0.769650894367635,0.07927756509003,0.07927756509003443
3,moderate,0.5,0.25,3,25,10003,130003,TSAI,True,8.118816000205697,,0.2605456395350612,0.06018151348807929,0.4259763658514335,0.6063261199327789,0.06018151348807949,0.06018151348808409
3,moderate,0.5,0.25,3,25,10003,130003,PARK,True,9.212411000589782,,0.1830365255057149,0.06120119153285288,0.3907487546354778,0.6678684296270807,0.06120119153285354,0.06120119153285728
3,moderate,0.5,0.25,3,25,10003,130003,HORAUD,True,8.374164000088058,,0.18521655143321503,0.060806495758149365,0.39665542986693025,0.6585995197864268,0.060806495758149726,0.06080649575815544
3,moderate,0.5,0.25,3,25,10003,130003,ANDREFF,True,9.73452600010205,,0.24031624800763918,0.0622655205053086,0.4559144816537791,0.695741923035747,0.06226552050530913,0.062265520505312796
3,moderate,0.5,0.25,3,25,10003,130003,DANIILIDIS,True,8.616617000370752,,0.20728115750985804,0.05831070397167705,0.36948535401063476,0.5810622220255086,0.058310703971678306,0.05831070397168208
3,moderate,0.5,0.25,4,25,10004,130004,TSAI,True,8.307137999508996,,0.2659165488277576,0.0338037465016146,0.26378004363255986,0.40726640517738694,0.0338037465016151,0.03380374650161962
3,moderate,0.5,0.25,4,25,10004,130004,PARK,True,8.974114999546146,,0.4135235085908781,0.03190667987135706,0.3598369255804541,0.5471447065746666,0.031906679871356404,0.03190667987136122
3,moderate,0.5,0.25,4,25,10004,130004,HORAUD,True,8.446730000287062,,0.41465579510645506,0.03212341500603406,0.3507788507181944,0.5623724432124129,0.032123415006034606,0.032123415006039914
3,moderate,0.5,0.25,4,25,10004,130004,ANDREFF,True,9.554979999848001,,0.4346390436492075,0.032447656351178786,0.3596365148563397,0.5834706482869958,0.03244765635117901,0.032447656351184385
3,moderate,0.5,0.25,4,25,10004,130004,DANIILIDIS,True,8.822732999760774,,0.3749796657029623,0.03268684453690723,0.3208959130983835,0.5273026402539439,0.03268684453690763,0.032686844536915054
3,moderate,0.5,0.25,5,25,10005,130005,TSAI,True,8.166857000105665,,0.1856464107205561,0.020136911393641817,0.2122632293332979,0.3011408881805529,0.020136911393642588,0.02013691139364913
3,moderate,0.5,0.25,5,25,10005,130005,PARK,True,9.101935000217054,,0.167183902045674,0.034529053503231925,0.2574319733803222,0.39971827200945187,0.03452905350323237,0.03452905350323948
3,moderate,0.5,0.25,5,25,10005,130005,HORAUD,True,8.507984000061697,,0.16769271303128808,0.031769245680957986,0.24616159033143303,0.37367085144619955,0.03176924568095776,0.03176924568096364
3,moderate,0.5,0.25,5,25,10005,130005,ANDREFF,True,10.002217999499408,,0.1325904090866879,0.03264701870431588,0.22184712176188628,0.36467132289346266,0.03264701870431549,0.032647018704319325
3,moderate,0.5,0.25,5,25,10005,130005,DANIILIDIS,True,8.728085000257124,,0.11702919527921662,0.031112864651346328,0.20455189011374678,0.3428949003298504,0.031112864651347123,0.031112864651351605
3,moderate,0.5,0.25,6,25,10006,130006,TSAI,True,8.349156999429397,,0.36923611858904587,0.09158126414657093,0.7053920016355073,1.3092252016096835,0.09158126414657118,0.09158126414657557
3,moderate,0.5,0.25,6,25,10006,130006,PARK,True,9.069984000234399,,0.3472269189221332,0.060246413645814435,0.4637424842669645,0.7961118945557344,0.060246413645813235,0.06024641364581874
3,moderate,0.5,0.25,6,25,10006,130006,HORAUD,True,8.493786999679287,,0.35007457918104357,0.06438931100087303,0.490792982075362,0.8499952752780119,0.06438931100087338,0.06438931100087761
3,moderate,0.5,0.25,6,25,10006,130006,ANDREFF,True,9.628227000575862,,0.3828845128889092,0.06069996437012373,0.5151762837884566,0.8611648842447712,0.06069996437012311,0.060699964370128826
3,moderate,0.5,0.25,6,25,10006,130006,DANIILIDIS,True,8.786454000073718,,0.34546485484666994,0.0595892565755699,0.4947721644045248,0.8541252165741242,0.05958925657556831,0.059589256575574734
3,moderate,0.5,0.25,7,25,10007,130007,TSAI,True,8.270330000414106,,0.2551408132164829,0.034276556681030745,0.2813144783504091,0.5477092338844624,0.034276556681031245,0.03427655668103518
3,moderate,0.5,0.25,7,25,10007,130007,PARK,True,9.168669000246155,,0.23464886885656686,0.05350407555024396,0.3342430370609354,0.6944236674940639,0.05350407555024408,0.05350407555025106
3,moderate,0.5,0.25,7,25,10007,130007,HORAUD,True,8.476334999613755,,0.2382514933226093,0.04881154608524009,0.32208229977888736,0.6551386948517661,0.04881154608523916,0.04881154608524271
3,moderate,0.5,0.25,7,25,10007,130007,ANDREFF,True,9.931935000167869,,0.25379893255568226,0.04794030304448302,0.3271142885666833,0.6600167864539686,0.04794030304448361,0.04794030304448825
3,moderate,0.5,0.25,7,25,10007,130007,DANIILIDIS,True,8.745357999941916,,0.26478229450179497,0.046151873479445486,0.3025263664633946,0.6583988585962279,0.04615187347944536,0.046151873479449636
3,moderate,0.5,0.25,8,25,10008,130008,TSAI,True,8.347183999831032,,0.3202014766370055,0.028154912998979688,0.3837234685347605,0.5146441255834175,0.028154912998978886,0.028154912998982713
3,moderate,0.5,0.25,8,25,10008,130008,PARK,True,9.202873000504042,,0.31915413993608116,0.036220963476164575,0.408667956237855,0.5515388528223675,0.036220963476164644,0.03622096347616991
3,moderate,0.5,0.25,8,25,10008,130008,HORAUD,True,8.580139000514464,,0.31631162003103114,0.03207946952389116,0.3927304178125781,0.523471109854142,0.03207946952389101,0.032079469523895315
3,moderate,0.5,0.25,8,25,10008,130008,ANDREFF,True,9.742661999553093,,0.33753699460785086,0.03173052584500266,0.4140636594892688,0.5384934106279324,0.031730525845002,0.031730525845006546
3,moderate,0.5,0.25,8,25,10008,130008,DANIILIDIS,True,8.910886999728973,,0.32463140652217576,0.02975757262594967,0.38613201055889107,0.5402552893312264,0.029757572625950104,0.029757572625954857
3,moderate,0.5,0.25,9,25,10009,130009,TSAI,True,8.139835999827483,,0.2033393959745036,0.05011071392359237,0.3509517324306241,0.5851152118197661,0.05011071392359292,0.05011071392359605
3,moderate,0.5,0.25,9,25,10009,130009,PARK,True,9.216569000273012,,0.135773879137019,0.03233691954100517,0.23681214545382687,0.38363814144406566,0.03233691954100412,0.032336919541009417
3,moderate,0.5,0.25,9,25,10009,130009,HORAUD,True,8.517272000062803,,0.13930046725125883,0.03419717478486687,0.24921195723189032,0.40384473829453926,0.034197174784866634,0.03419717478487217
3,moderate,0.5,0.25,9,25,10009,130009,ANDREFF,True,9.8753599995689,,0.12960763973120398,0.033432265761640934,0.23538529471994402,0.3795268124090439,0.03343226576164121,0.03343226576164721
3,moderate,0.5,0.25,9,25,10009,130009,DANIILIDIS,True,8.78375899992534,,0.16671249843323924,0.03464420311834863,0.2598061349767395,0.4030244634223136,0.03464420311834753,0.034644203118352083
4,high,1.0,0.5,0,25,10000,140000,TSAI,True,8.3428650004862,,1.025822263791552,0.05519663587856906,1.123727433959259,1.341754610953904,0.05519663587856889,0.055196635878572514
4,high,1.0,0.5,0,25,10000,140000,PARK,True,9.090091999496508,,1.02089682570256,0.07614713160976933,0.9953158402474778,1.412676993309779,0.0761471316097706,0.07614713160977396
4,high,1.0,0.5,0,25,10000,140000,HORAUD,True,8.527359999789041,,1.0110278020535677,0.07181526980567071,1.006409400362118,1.3387237245674597,0.07181526980567061,0.07181526980567518
4,high,1.0,0.5,0,25,10000,140000,ANDREFF,True,9.62994100063952,,1.1205362988202743,0.07650659218736566,1.161149501541344,1.4349072195159838,0.07650659218736539,0.07650659218737173
4,high,1.0,0.5,0,25,10000,140000,DANIILIDIS,True,8.832239999719604,,0.9034936171436059,0.07548635392529865,0.9178069287172469,1.2690101931662976,0.07548635392529893,0.07548635392530263
4,high,1.0,0.5,1,25,10001,140001,TSAI,True,8.44823199986422,,0.38610963434445383,0.18969195367616787,1.2715232938761745,2.403499680828887,0.18969195367616673,0.18969195367617153
4,high,1.0,0.5,1,25,10001,140001,PARK,True,9.301047000008111,,0.21111284157545615,0.12087138563877725,0.7996533546919721,1.510577849430298,0.12087138563877749,0.12087138563878075
4,high,1.0,0.5,1,25,10001,140001,HORAUD,True,8.449264000773837,,0.2086813547811963,0.13030393067778306,0.857015925341885,1.6687358122840812,0.1303039306777834,0.1303039306777869
4,high,1.0,0.5,1,25,10001,140001,ANDREFF,True,9.845364000284462,,0.2190873620095618,0.1287416411284202,0.8558646342266387,1.6544406860788774,0.12874164112841924,0.1287416411284272
4,high,1.0,0.5,1,25,10001,140001,DANIILIDIS,True,8.711514999959036,,0.13851653436200917,0.13126067902215924,0.8251838295062321,1.6851449339154634,0.13126067902215924,0.13126067902216348
4,high,1.0,0.5,2,25,10002,140002,TSAI,True,8.619422000265331,,0.6619106690375768,0.11600970318370822,0.9305067022700948,1.6718625926290207,0.11600970318370814,0.11600970318371426
4,high,1.0,0.5,2,25,10002,140002,PARK,True,9.03068100069504,,0.5703679173780776,0.08259267263277269,0.6924828229700272,1.3266567767977762,0.08259267263277201,0.08259267263277824
4,high,1.0,0.5,2,25,10002,140002,HORAUD,True,9.147329000370519,,0.552294872989146,0.08922152471734164,0.7203696632630601,1.4207129159036735,0.08922152471734127,0.08922152471734669
4,high,1.0,0.5,2,25,10002,140002,ANDREFF,True,9.622737999961828,,0.7455688972278582,0.09085057695425067,0.8517278904938577,1.5896962514798827,0.09085057695425088,0.09085057695425637
4,high,1.0,0.5,2,25,10002,140002,DANIILIDIS,True,8.787617000052705,,0.27995276214707937,0.0868875935468408,0.45671018040589334,1.0811557691850968,0.08688759354684177,0.08688759354684746
4,high,1.0,0.5,3,25,10003,140003,TSAI,True,8.296478999909596,,0.41560237747363266,0.04425775335458615,0.4297103939610478,0.6377371028719031,0.04425775335458644,0.04425775335459081
4,high,1.0,0.5,3,25,10003,140003,PARK,True,9.107545000006212,,0.14133285345570565,0.012515648587633299,0.14621094368366488,0.18977481035155835,0.012515648587632544,0.012515648587637042
4,high,1.0,0.5,3,25,10003,140003,HORAUD,True,8.524405000571278,,0.15449963942046338,0.017188470602672458,0.17038046644475827,0.22262313258773264,0.01718847060267366,0.017188470602677794
4,high,1.0,0.5,3,25,10003,140003,ANDREFF,True,9.87828500001342,,0.14299534329138805,0.015446849603541875,0.15469056058376685,0.20144782763848962,0.015446849603542092,0.015446849603546961
4,high,1.0,0.5,3,25,10003,140003,DANIILIDIS,True,8.806881999589677,,0.1598067883192519,0.01534941616047375,0.16205099527709496,0.23606550881812877,0.015349416160473979,0.015349416160478748
4,high,1.0,0.5,4,25,10004,140004,TSAI,True,8.400994000112405,,0.5199045763756256,0.1430449273914321,0.985079433597784,1.5864752879438462,0.14304492739143204,0.1430449273914349
4,high,1.0,0.5,4,25,10004,140004,PARK,True,9.125968999796896,,0.49154544244380755,0.16842743394646412,1.0964478028313565,1.7226035069132353,0.1684274339464639,0.16842743394646778
4,high,1.0,0.5,4,25,10004,140004,HORAUD,True,9.224352999808616,,0.48702023482652695,0.16478781748704113,1.0782453230999698,1.6995542979609315,0.16478781748704013,0.16478781748704321
4,high,1.0,0.5,4,25,10004,140004,ANDREFF,True,9.888354000395339,,0.9176157758269844,0.16164136360610917,1.3161025758244727,2.119502369619249,0.1616413636061085,0.1616413636061118
4,high,1.0,0.5,4,25,10004,140004,DANIILIDIS,True,8.940683000218996,,0.9698893172839089,0.11703627665124434,1.289549388345345,1.9401919435934782,0.11703627665124344,0.11703627665124629
4,high,1.0,0.5,5,25,10005,140005,TSAI,True,8.225436000429909,,0.879753234440445,0.0935402430987086,1.0398240327396868,1.3871820881969361,0.09354024309870967,0.09354024309871312
4,high,1.0,0.5,5,25,10005,140005,PARK,True,9.490931000073033,,0.8909353661102608,0.12255442704008154,1.0759686660309158,1.6634314106627366,0.12255442704008239,0.12255442704008715
4,high,1.0,0.5,5,25,10005,140005,HORAUD,True,8.898283000235097,,0.8921687790140771,0.11685446924948642,1.0625314025659283,1.6070223415726772,0.11685446924948595,0.11685446924949029
4,high,1.0,0.5,5,25,10005,140005,ANDREFF,True,9.80849500047043,,0.7730418692647958,0.11728832023991018,0.9846765618863743,1.30123215839271,0.11728832023991002,0.1172883202399144
4,high,1.0,0.5,5,25,10005,140005,DANIILIDIS,True,9.246704999895883,,0.6772670641667333,0.11487634656640819,0.8911489941833942,1.5064176117341699,0.11487634656640729,0.11487634656641134
4,high,1.0,0.5,6,25,10006,140006,TSAI,True,8.509186000082991,,0.6220760661476922,0.11092382744223862,0.8637694463564014,1.3962555926424183,0.11092382744223911,0.11092382744224569
4,high,1.0,0.5,6,25,10006,140006,PARK,True,9.104408999519364,,0.5781011109569969,0.0940542981830552,0.7264894528920484,1.1896330976650857,0.09405429818305563,0.0940542981830591
4,high,1.0,0.5,6,25,10006,140006,HORAUD,True,8.569188000365102,,0.5763114067301766,0.09233548464993599,0.7254832107546607,1.2150530895620304,0.09233548464993577,0.09233548464994056
4,high,1.0,0.5,6,25,10006,140006,ANDREFF,True,9.672991000115871,,0.7239490873807939,0.08881319939063488,0.8314976620412914,1.3755775754935864,0.08881319939063553,0.08881319939064146
4,high,1.0,0.5,6,25,10006,140006,DANIILIDIS,True,8.772228000452742,,0.47357406554022313,0.08361667331336607,0.6627844254253129,0.9380658626999133,0.08361667331336677,0.08361667331337073
4,high,1.0,0.5,7,25,10007,140007,TSAI,True,8.313589999488613,,0.9272136311247399,0.10554141935513182,0.8081615472316238,1.4419348690896001,0.10554141935513194,0.10554141935513456
4,high,1.0,0.5,7,25,10007,140007,PARK,True,9.14374200056045,,0.6490534964180485,0.14452071849552223,0.7455372296244959,1.7477176942783659,0.14452071849552225,0.14452071849552853
4,high,1.0,0.5,7,25,10007,140007,HORAUD,True,8.629940999526298,,0.6519904287497512,0.13366133215387094,0.7075144557260815,1.6445882945526824,0.13366133215387144,0.13366133215387624
4,high,1.0,0.5,7,25,10007,140007,ANDREFF,True,9.854330000052869,,0.668637858367675,0.13168751404073464,0.7153135431716774,1.6392662787882362,0.13168751404073428,0.13168751404073648
4,high,1.0,0.5,7,25,10007,140007,DANIILIDIS,True,8.69032500031608,,1.157751068327696,0.3808515278548382,2.1643990222844747,3.890446445664614,0.3808515278548377,0.3808515278548404
4,high,1.0,0.5,8,25,10008,140008,TSAI,True,8.267264000096475,,0.23038276621587137,0.09526978207353302,0.5948475798634907,1.0440942883130484,0.0952697820735343,0.09526978207353803
4,high,1.0,0.5,8,25,10008,140008,PARK,True,8.973523999884492,,0.1987293026398974,0.09594162953228269,0.577394310363864,0.9455250066895716,0.09594162953228269,0.09594162953228592
4,high,1.0,0.5,8,25,10008,140008,HORAUD,True,8.473509999930684,,0.20161004781367176,0.09707289635537569,0.5915273620789286,0.9562092719994987,0.09707289635537548,0.09707289635537839
4,high,1.0,0.5,8,25,10008,140008,ANDREFF,True,10.130897000635741,,0.2211670429389842,0.09455649883172056,0.5927735242486192,0.9666033814678031,0.09455649883172193,0.09455649883172454
4,high,1.0,0.5,8,25,10008,140008,DANIILIDIS,True,8.687479000400344,,0.20573741270114945,0.09626412428958914,0.5698419172216423,0.9058012663979378,0.0962641242895888,0.09626412428959359
4,high,1.0,0.5,9,25,10009,140009,TSAI,True,8.104169000034744,,0.2957874990486598,0.06559275778730711,0.4584358445691409,0.8019632452101402,0.0655927577873068,0.06559275778731186
4,high,1.0,0.5,9,25,10009,140009,PARK,True,9.069013000043924,,0.3426965150213007,0.11709435593701682,0.6139001524090484,1.1279392840503677,0.11709435593701607,0.11709435593701996
4,high,1.0,0.5,9,25,10009,140009,HORAUD,True,8.45620699965366,,0.33572366997017267,0.10539563909674896,0.5760953814301893,1.071407064672273,0.10539563909674811,0.10539563909675413
4,high,1.0,0.5,9,25,10009,140009,ANDREFF,True,9.730059000503388,,0.20496645672353916,0.10242720026278747,0.5630670644053197,1.0557949098488268,0.10242720026278727,0.10242720026279135
4,high,1.0,0.5,9,25,10009,140009,DANIILIDIS,True,8.729357999982312,,1.4567496648810356,0.08771495074601114,1.5154809054282607,2.1711262012892867,0.08771495074601203,0.08771495074601565
5,severe,2.0,1.0,0,25,10000,150000,TSAI,True,8.296467999571178,,1.1927051149488581,0.2854691288814163,2.104641926221627,3.93750485041535,0.2854691288814166,0.2854691288814206
5,severe,2.0,1.0,0,25,10000,150000,PARK,True,9.110380000493024,,0.5644164691120779,0.24206951857183007,1.5556881558793276,2.7355589974628867,0.24206951857183004,0.24206951857183537
5,severe,2.0,1.0,0,25,10000,150000,HORAUD,True,8.50033899951086,,0.5645619915225488,0.24806538295987643,1.5905929944839332,2.8012467490294832,0.24806538295987604,0.2480653829598805
5,severe,2.0,1.0,0,25,10000,150000,ANDREFF,True,9.617166999305482,,0.527586602226541,0.24331658635502776,1.2741850013634801,2.5103233559197995,0.2433165863550271,0.24331658635503173
5,severe,2.0,1.0,0,25,10000,150000,DANIILIDIS,True,8.72317599987582,,0.47511152838369425,0.23876439460949295,1.4955053343834201,2.9708696220708175,0.23876439460949306,0.23876439460949983
5,severe,2.0,1.0,1,25,10001,150001,TSAI,True,8.182354999917152,,1.364578699280373,0.7327756005406643,4.086194904529616,7.320585018098969,0.7327756005406642,0.7327756005406675
5,severe,2.0,1.0,1,25,10001,150001,PARK,True,9.130577999712841,,1.1275829890704054,0.7207338326956484,3.9778394539718187,7.0459632999551145,0.7207338326956461,0.7207338326956506
5,severe,2.0,1.0,1,25,10001,150001,HORAUD,True,8.415020000029472,,1.1371668994199495,0.7229982073086507,3.967990864244223,7.042756016071954,0.7229982073086525,0.7229982073086563
5,severe,2.0,1.0,1,25,10001,150001,ANDREFF,True,9.719628999846464,,1.237514309813872,0.7214551028713958,4.290423080125328,7.432442499511509,0.7214551028713949,0.7214551028713997
5,severe,2.0,1.0,1,25,10001,150001,DANIILIDIS,True,8.654227000079118,,1.4418346807925078,0.710737984131304,4.156667858167617,7.320285167319544,0.7107379841313037,0.7107379841313067
5,severe,2.0,1.0,2,25,10002,150002,TSAI,True,8.542528000361926,,0.8295128145555583,0.1515644154638191,0.9638005334638137,1.895738452478278,0.15156441546381935,0.15156441546382665
5,severe,2.0,1.0,2,25,10002,150002,PARK,True,9.00518300022668,,0.9022270725219972,0.10382044148362504,0.9242534272694191,1.5528653914778925,0.10382044148362563,0.10382044148362975
5,severe,2.0,1.0,2,25,10002,150002,HORAUD,True,8.444274999419576,,0.9095697482588978,0.11368740499141129,0.9175912266225535,1.6367345081319034,0.1136874049914118,0.11368740499141414
5,severe,2.0,1.0,2,25,10002,150002,ANDREFF,True,9.617198000341887,,1.4453675103775747,0.11526753696970059,1.5191351435037652,2.316244622664077,0.11526753696970206,0.11526753696970754
5,severe,2.0,1.0,2,25,10002,150002,DANIILIDIS,True,8.775254000283894,,1.1241315871157225,0.11176812158635759,1.0363040141760023,1.6569393655394604,0.1117681215863584,0.11176812158636104
5,severe,2.0,1.0,3,25,10003,150003,TSAI,True,8.159202000570076,,2.064172071186076,0.2379571625111139,2.381247927634108,3.3781290980702554,0.2379571625111134,0.2379571625111203
5,severe,2.0,1.0,3,25,10003,150003,PARK,True,9.248557999853801,,2.15220035817112,0.15142434564001864,2.4697496828677052,3.0392226365910333,0.15142434564001886,0.15142434564002405
5,severe,2.0,1.0,3,25,10003,150003,HORAUD,True,8.461446999717737,,2.1679214706996888,0.1702656508169723,2.5215308070001567,3.148076456895456,0.17026565081697229,0.17026565081697806
5,severe,2.0,1.0,3,25,10003,150003,ANDREFF,True,9.988761999920825,,3.4822909800190183,0.181615155005061,3.908680032883728,4.643631885441586,0.1816151550050611,0.18161515500506686
5,severe,2.0,1.0,3,25,10003,150003,DANIILIDIS,True,8.768059999965772,,1.7759864240493477,0.17409859062018984,1.936295177577121,2.7563926830598775,0.17409859062018915,0.17409859062019487
5,severe,2.0,1.0,4,25,10004,150004,TSAI,True,8.749726000132796,,0.45294914115474394,0.29134511612717845,1.8897262874975542,2.9908878840658253,0.29134511612717945,0.2913451161271847
5,severe,2.0,1.0,4,25,10004,150004,PARK,True,9.167866999632679,,0.9099474607052315,0.16726036913380798,1.653195695926959,2.4188422464846107,0.16726036913380868,0.16726036913381342
5,severe,2.0,1.0,4,25,10004,150004,HORAUD,True,8.589395999479166,,0.8762675160671496,0.1940718113800192,1.7339094887737612,2.6635111763625408,0.19407181138001955,0.19407181138002416
5,severe,2.0,1.0,4,25,10004,150004,ANDREFF,True,9.75788100004138,,0.5594043716807995,0.18164615018336713,1.4504649636665432,2.463518213573299,0.18164615018336933,0.1816461501833747
5,severe,2.0,1.0,4,25,10004,150004,DANIILIDIS,True,8.887533000233816,,1.1075252486708895,0.1950689262442332,1.988103512206749,3.0671225851202233,0.19506892624423436,0.195068926244242
5,severe,2.0,1.0,5,25,10005,150005,TSAI,True,8.175732999916363,,1.3722708007451687,0.41656516614510997,2.7829282698997293,4.413036663073902,0.41656516614510897,0.41656516614511746
5,severe,2.0,1.0,5,25,10005,150005,PARK,True,9.273013999518298,,0.8876651694502274,0.35195959206100996,2.006648815702399,3.6470578043763044,0.35195959206100996,0.3519595920610165
5,severe,2.0,1.0,5,25,10005,150005,HORAUD,True,8.453692000330193,,0.9089309026143662,0.3339812158334389,1.9680217350559028,3.4792666096232665,0.33398121583343693,0.33398121583344353
5,severe,2.0,1.0,5,25,10005,150005,ANDREFF,True,9.98569600051269,,0.6827065973290547,0.328967797892206,1.7456517861224625,3.029764207907931,0.32896779789220665,0.32896779789221253
5,severe,2.0,1.0,5,25,10005,150005,DANIILIDIS,True,8.755626000493066,,0.778000098769843,0.3236593099182058,1.8963556847792191,3.3315783759061155,0.32365930991820613,0.3236593099182111
5,severe,2.0,1.0,6,25,10006,150006,TSAI,True,8.425820000411477,,0.814981806008599,0.2253510376513234,1.4592804401551585,2.3505806531551188,0.2253510376513223,0.22535103765132686
5,severe,2.0,1.0,6,25,10006,150006,PARK,True,8.970939000391809,,1.1708949004115137,0.23031181222430222,1.6705365359907616,2.887468137693974,0.23031181222430114,0.23031181222430544
5,severe,2.0,1.0,6,25,10006,150006,HORAUD,True,8.571863999350171,,1.1533051136278905,0.23424359853917728,1.6713475121038235,2.8709017065250717,0.23424359853917776,0.23424359853918122
5,severe,2.0,1.0,6,25,10006,150006,ANDREFF,True,9.754363000865851,,1.0036361822981381,0.2127231877570368,1.4039510636145711,2.4516978678589747,0.21272318775703727,0.21272318775704122
5,severe,2.0,1.0,6,25,10006,150006,DANIILIDIS,True,8.922769000491826,,2.114202232550965,0.17665001507786834,2.496072591937665,3.4769727999227626,0.17665001507786834,0.17665001507787392
5,severe,2.0,1.0,7,25,10007,150007,TSAI,True,8.125539000502613,,1.0297724003821442,0.3752339536967233,1.6984096530393977,3.963701163953017,0.3752339536967226,0.37523395369672685
5,severe,2.0,1.0,7,25,10007,150007,PARK,True,9.360406999803672,,1.0927204273561282,0.32088685890879776,1.584573065648676,3.3083406380392937,0.32088685890879787,0.32088685890880186
5,severe,2.0,1.0,7,25,10007,150007,HORAUD,True,8.530256000085501,,1.1008922454047152,0.32884062555142524,1.6156682157100888,3.403121251783381,0.3288406255514269,0.32884062555142984
5,severe,2.0,1.0,7,25,10007,150007,ANDREFF,True,9.759963999385945,,1.1819288066750249,0.3227841907854728,1.561798097040236,3.5547373745457285,0.32278419078547266,0.32278419078547516
5,severe,2.0,1.0,7,25,10007,150007,DANIILIDIS,True,9.890438000184076,,1.134428617142416,0.3216037225267832,1.5930901803204602,3.3723047379579296,0.3216037225267831,0.32160372252679054
5,severe,2.0,1.0,8,25,10008,150008,TSAI,True,8.501390999299474,,0.7127654163955011,0.14034018121522748,1.1105510808754075,2.124112118674996,0.14034018121522807,0.14034018121523292
5,severe,2.0,1.0,8,25,10008,150008,PARK,True,10.27598900054727,,0.6562186570402256,0.14980505261798535,0.9376719723848559,1.6767177344361197,0.1498050526179859,0.14980505261798896
5,severe,2.0,1.0,8,25,10008,150008,HORAUD,True,8.501761999468727,,0.6536746393039744,0.1501954894743262,0.9684927846304439,1.6398618901697268,0.15019548947432668,0.15019548947433173
5,severe,2.0,1.0,8,25,10008,150008,ANDREFF,True,10.676977999537485,,0.4956146537369152,0.14473131391604233,0.925647011049254,1.4519002838829076,0.14473131391604277,0.14473131391604735
5,severe,2.0,1.0,8,25,10008,150008,DANIILIDIS,True,8.687819999977364,,0.6234307345468557,0.14764550765962664,0.9973019129533691,1.4485604485482801,0.14764550765962714,0.14764550765963078
5,severe,2.0,1.0,9,25,10009,150009,TSAI,True,8.798576999652141,,1.8493381499248103,0.1294865839225511,2.041144964520314,2.895996361756229,0.12948658392255208,0.12948658392255574
5,severe,2.0,1.0,9,25,10009,150009,PARK,True,9.090182000363711,,1.3558771216306797,0.1389651593404286,1.6677820482593808,2.6360695052556693,0.13896515934042905,0.1389651593404338
5,severe,2.0,1.0,9,25,10009,150009,HORAUD,True,8.54649499979132,,1.3579237070867496,0.13486365003299478,1.6558729665220078,2.5979193604651023,0.1348636500329947,0.13486365003299905
5,severe,2.0,1.0,9,25,10009,150009,ANDREFF,True,9.669945000496227,,1.9765061208853605,0.1364868219661931,2.193626976382414,3.198711447202417,0.13648682196619258,0.1364868219661961
5,severe,2.0,1.0,9,25,10009,150009,DANIILIDIS,True,8.892932999515324,,1.744495025837001,0.14981356143623717,2.135875884978376,3.2473271609110848,0.14981356143623809,0.14981356143624117
