offset_level_ms,trial,num_poses,runtime_ms,success,nfev,method,camera_name,translation_error_mm,rotation_error_deg,estimated_time_offset_ms,true_time_offset_ms,time_offset_abs_error_ms,mean_target_error_mm,mean_cross_camera_target_disagreement_mm
0,0,24,9.974724998755846,True,0,PARK_ZERO_OFFSET,upper_arm_camera,0.3004355899928845,0.034842693398141396,0.0,0.0,0.0,1.5206962615350603,1.915898650449424
0,0,24,9.974724998755846,True,0,PARK_ZERO_OFFSET,forearm_camera,0.30337637910095616,0.02814289491040458,0.0,0.0,0.0,1.0186238443705766,1.915898650449424
0,0,24,9.974724998755846,True,0,PARK_ZERO_OFFSET,wrist_camera,0.13503897012094343,0.025069743205426834,0.0,-0.0,0.0,1.3095039179589643,1.915898650449424
0,0,24,2187.5617370005784,True,94,TIME_AWARE_PARK,upper_arm_camera,0.2910362272177674,0.03501100438799264,0.09334339349229362,0.0,0.09334339349229362,1.5481817212475635,1.9276967867397705
0,0,24,2187.5617370005784,True,94,TIME_AWARE_PARK,forearm_camera,0.33685407229252456,0.029587609088344475,0.21050814622480374,0.0,0.21050814622480374,1.0593485036066057,1.9276967867397705
0,0,24,2187.5617370005784,True,94,TIME_AWARE_PARK,wrist_camera,0.13004608651887986,0.025171403692567807,0.0626753907230817,-0.0,0.0626753907230817,1.3121687145590808,1.9276967867397705
0,1,24,10.101947000293876,True,0,PARK_ZERO_OFFSET,upper_arm_camera,0.06510409969162591,0.03775233983981103,0.0,0.0,0.0,1.151247875552677,1.5550564861213694
0,1,24,10.101947000293876,True,0,PARK_ZERO_OFFSET,forearm_camera,0.16485836520898606,0.006728078808710529,0.0,0.0,0.0,0.7574679066164872,1.5550564861213694
0,1,24,10.101947000293876,True,0,PARK_ZERO_OFFSET,wrist_camera,0.34403493015303555,0.022180475920671194,0.0,-0.0,0.0,1.088078473179786,1.5550564861213694
0,1,24,2060.5790070003422,True,87,TIME_AWARE_PARK,upper_arm_camera,0.011140974977494358,0.02548673178484519,-0.29838486659877217,0.0,0.29838486659877217,1.0325195027197343,1.4821505279842873
0,1,24,2060.5790070003422,True,87,TIME_AWARE_PARK,forearm_camera,0.1621934677415827,0.005590967557256768,-0.09650682782640092,0.0,0.09650682782640092,0.7510357782539271,1.4821505279842873
0,1,24,2060.5790070003422,True,87,TIME_AWARE_PARK,wrist_camera,0.3044118042713467,0.032286088771287365,-0.1361625506284827,-0.0,0.1361625506284827,1.0826313869382729,1.4821505279842873
0,2,24,9.862478000286501,True,0,PARK_ZERO_OFFSET,upper_arm_camera,0.2364469842529449,0.04265924604436004,0.0,0.0,0.0,1.273138049684246,1.3993140245343216
0,2,24,9.862478000286501,True,0,PARK_ZERO_OFFSET,forearm_camera,0.33425194596371727,0.012001077298466918,0.0,0.0,0.0,0.7922931177919078,1.3993140245343216
0,2,24,9.862478000286501,True,0,PARK_ZERO_OFFSET,wrist_camera,0.12453299033043216,0.01817268393349797,0.0,-0.0,0.0,0.8853064181807261,1.3993140245343216
0,2,24,2060.7097070005693,True,86,TIME_AWARE_PARK,upper_arm_camera,0.18345887064687322,0.017590009827759455,0.3175496021651372,0.0,0.3175496021651372,1.1110211505169751,1.325232591710981
0,2,24,2060.7097070005693,True,86,TIME_AWARE_PARK,forearm_camera,0.33232651595643553,0.011952639337529108,-0.08062633981102929,0.0,0.08062633981102929,0.7982469533664375,1.325232591710981
0,2,24,2060.7097070005693,True,86,TIME_AWARE_PARK,wrist_camera,0.13295891262808907,0.0219351569093132,-0.04857614461257472,-0.0,0.04857614461257472,0.8852176028209816,1.325232591710981
20,0,24,9.962357000404154,True,0,PARK_ZERO_OFFSET,upper_arm_camera,1.1134391926031597,0.542332701610434,0.0,6.0,6.0,9.760590482347098,14.301596121007606
20,0,24,9.962357000404154,True,0,PARK_ZERO_OFFSET,forearm_camera,3.9972224190525965,0.7609086938337775,0.0,20.0,20.0,13.656590276617804,14.301596121007606
20,0,24,9.962357000404154,True,0,PARK_ZERO_OFFSET,wrist_camera,6.087991599909776,1.3203041414072365,0.0,-16.0,16.0,17.31058212677595,14.301596121007606
20,0,24,2592.8272960009053,True,113,TIME_AWARE_PARK,upper_arm_camera,0.14432171138243954,0.09875721800207367,5.28526269546671,6.0,0.7147373045332901,1.9795568209182923,2.67641321086099
20,0,24,2592.8272960009053,True,113,TIME_AWARE_PARK,forearm_camera,0.5479088475855134,0.07871502922331357,17.88410299906826,20.0,2.1158970009317395,1.808881725426132,2.67641321086099
20,0,24,2592.8272960009053,True,113,TIME_AWARE_PARK,wrist_camera,1.102962542830785,0.20800641257391445,-13.507594449548764,-16.0,2.4924055504512364,2.897559958911474,2.67641321086099
20,1,24,10.053340000013122,True,0,PARK_ZERO_OFFSET,upper_arm_camera,1.1752849259957323,0.5409673749239263,0.0,6.0,6.0,9.684304522031042,14.307674918596582
20,1,24,10.053340000013122,True,0,PARK_ZERO_OFFSET,forearm_camera,4.072967003110528,0.7784133935166676,0.0,20.0,20.0,13.61125273137204,14.307674918596582
20,1,24,10.053340000013122,True,0,PARK_ZERO_OFFSET,wrist_camera,6.140875883250348,1.3202377185621497,0.0,-16.0,16.0,17.535470404361764,14.307674918596582
20,1,24,2352.844537999772,True,102,TIME_AWARE_PARK,upper_arm_camera,0.20389966608194912,0.1034259304474382,5.195577844726182,6.0,0.8044221552738189,1.9567713295701818,2.441926350677735
20,1,24,2352.844537999772,True,102,TIME_AWARE_PARK,forearm_camera,0.7078569632104033,0.11038939181241088,17.51504273125501,20.0,2.4849572687449877,2.035999331285414,2.441926350677735
20,1,24,2352.844537999772,True,102,TIME_AWARE_PARK,wrist_camera,1.0515093973836205,0.18570618006813966,-13.777783407808533,-16.0,2.222216592191467,2.778338416481283,2.441926350677735
20,2,24,9.743545000674203,True,0,PARK_ZERO_OFFSET,upper_arm_camera,0.9716191811813355,0.4654358142439764,0.0,6.0,6.0,8.697805545436252,14.344873251154054
20,2,24,9.743545000674203,True,0,PARK_ZERO_OFFSET,forearm_camera,3.7735966722717627,0.7607118315254433,0.0,20.0,20.0,13.281171204308727,14.344873251154054
20,2,24,9.743545000674203,True,0,PARK_ZERO_OFFSET,wrist_camera,6.122910014422307,1.322037929810997,0.0,-16.0,16.0,17.449732291958927,14.344873251154054
20,2,24,2584.2670780002663,True,113,TIME_AWARE_PARK,upper_arm_camera,0.0788466363176083,0.02432818642547629,5.4915496490387214,6.0,0.5084503509612789,1.1013143289304301,2.399343466767578
20,2,24,2584.2670780002663,True,113,TIME_AWARE_PARK,forearm_camera,0.2682755134594823,0.06797066961624458,18.153629417523906,20.0,1.8463705824760952,1.3550232457983646,2.399343466767578
20,2,24,2584.2670780002663,True,113,TIME_AWARE_PARK,wrist_camera,1.0118907040674716,0.18043394337698046,-13.874266821425994,-16.0,2.1257331785740057,2.6815776012725134,2.399343466767578
50,0,24,9.67823900100484,True,0,PARK_ZERO_OFFSET,upper_arm_camera,2.8639526620670592,1.2679000259388677,0.0,15.0,15.0,23.2039200913007,35.62447341837166
50,0,24,9.67823900100484,True,0,PARK_ZERO_OFFSET,forearm_camera,9.501808887835079,1.9171376145958579,0.0,50.0,50.0,33.32575742125031,35.62447341837166
50,0,24,9.67823900100484,True,0,PARK_ZERO_OFFSET,wrist_camera,15.122251590181234,3.286435778455515,0.0,-40.00000000000001,40.00000000000001,43.686951850805436,35.62447341837166
50,0,24,2435.2738950001367,True,106,TIME_AWARE_PARK,upper_arm_camera,0.4166208789051235,0.16627898513568376,13.10445288085974,15.0,1.895547119140261,3.4512021958350387,4.832029018512135
50,0,24,2435.2738950001367,True,106,TIME_AWARE_PARK,forearm_camera,1.0250397043302677,0.20289677386847424,44.99800376504374,50.0,5.001996234956264,3.67894500995432,4.832029018512135
50,0,24,2435.2738950001367,True,106,TIME_AWARE_PARK,wrist_camera,2.2247912398705525,0.4124233046774525,-34.79094763422733,-40.00000000000001,5.209052365772681,6.140103320127871,4.832029018512135
50,1,24,9.694618998764781,True,0,PARK_ZERO_OFFSET,upper_arm_camera,2.810911921816437,1.2560354677263779,0.0,15.0,15.0,22.916626707685083,35.54526992575993
50,1,24,9.694618998764781,True,0,PARK_ZERO_OFFSET,forearm_camera,9.563569034537235,1.9367815828203319,0.0,50.0,50.0,33.436052639485624,35.54526992575993
50,1,24,9.694618998764781,True,0,PARK_ZERO_OFFSET,wrist_camera,15.112479156949567,3.3055006309902812,0.0,-40.00000000000001,40.00000000000001,43.343577631060924,35.54526992575993
50,1,24,2399.7346950000065,True,104,TIME_AWARE_PARK,upper_arm_camera,0.41594518209934356,0.17577007651803414,12.848839172904091,15.0,2.151160827095908,3.3481690515471443,4.801213281574955
50,1,24,2399.7346950000065,True,104,TIME_AWARE_PARK,forearm_camera,1.1091560800080071,0.22600923544622745,44.952378306454435,50.0,5.047621693545571,3.6651018245275484,4.801213281574955
50,1,24,2399.7346950000065,True,104,TIME_AWARE_PARK,wrist_camera,2.202697999486314,0.4584282764395122,-34.660597077168624,-40.00000000000001,5.339402922831381,5.933289549236915,4.801213281574955
50,2,24,9.743660999447457,True,0,PARK_ZERO_OFFSET,upper_arm_camera,2.7662402136810194,1.2795583269199287,0.0,15.0,15.0,23.05130283598564,35.3301105451796
50,2,24,9.743660999447457,True,0,PARK_ZERO_OFFSET,forearm_camera,9.448480842711744,1.9095700793155688,0.0,50.0,50.0,33.32558734530408,35.3301105451796
50,2,24,9.743660999447457,True,0,PARK_ZERO_OFFSET,wrist_camera,14.879324438847727,3.2965102772677075,0.0,-40.00000000000001,40.00000000000001,43.39465475516949,35.3301105451796
50,2,24,2489.707777998774,True,108,TIME_AWARE_PARK,upper_arm_camera,0.40543070553147104,0.19779215469092987,12.87565115176252,15.0,2.1243488482374784,3.599603062905063,4.9843803137775105
50,2,24,2489.707777998774,True,108,TIME_AWARE_PARK,forearm_camera,1.0559910312277638,0.21600820550805042,44.46666027760889,50.0,5.533339722391117,3.9638942379877036,4.9843803137775105
50,2,24,2489.707777998774,True,108,TIME_AWARE_PARK,wrist_camera,2.192127566047646,0.4658145743118636,-34.2677103872725,-40.00000000000001,5.732289612727509,6.430598124837235,4.9843803137775105
100,0,24,9.727007000037702,True,0,PARK_ZERO_OFFSET,upper_arm_camera,5.796484812339877,2.5612081986078823,0.0,30.0,30.0,46.11839949435728,70.98436109221988
100,0,24,9.727007000037702,True,0,PARK_ZERO_OFFSET,forearm_camera,18.074542412383796,3.7831651006859697,0.0,100.0,100.0,65.99684710454584,70.98436109221988
100,0,24,9.727007000037702,True,0,PARK_ZERO_OFFSET,wrist_camera,30.43566562501311,6.556673596063262,0.0,-80.00000000000001,80.00000000000001,87.32492697497155,70.98436109221988
100,0,24,2418.7887179996324,True,106,TIME_AWARE_PARK,upper_arm_camera,1.0259949147456866,0.4261307275442964,25.44025161428451,30.0,4.55974838571549,7.432069694097616,9.47170935214978
100,0,24,2418.7887179996324,True,106,TIME_AWARE_PARK,forearm_camera,2.1300338080699284,0.43337260095888475,88.38522260072628,100.0,11.614777399273732,7.68092718715647,9.47170935214978
100,0,24,2418.7887179996324,True,106,TIME_AWARE_PARK,wrist_camera,4.310992881882025,0.8598767900589939,-69.33783601387655,-80.00000000000001,10.662163986123463,12.118122804493241,9.47170935214978
100,1,24,9.702639999886742,True,0,PARK_ZERO_OFFSET,upper_arm_camera,5.786838117485064,2.5404441128052015,0.0,30.0,30.0,46.600456604623986,71.15115728827924
100,1,24,9.702639999886742,True,0,PARK_ZERO_OFFSET,forearm_camera,17.887428965165167,3.799707538924465,0.0,100.0,100.0,65.92022354677148,71.15115728827924
100,1,24,9.702639999886742,True,0,PARK_ZERO_OFFSET,wrist_camera,30.39209806523691,6.570562914982723,0.0,-80.00000000000001,80.00000000000001,86.92717219051917,71.15115728827924
100,1,24,2456.609637998554,True,107,TIME_AWARE_PARK,upper_arm_camera,0.9185517407904567,0.3631152215596349,25.929097858051165,30.0,4.0709021419488325,7.171353655010414,9.788315915924036
100,1,24,2456.609637998554,True,107,TIME_AWARE_PARK,forearm_camera,2.048357703647211,0.4695513727210231,87.79922957503979,100.0,12.20077042496022,8.06517053988379,9.788315915924036
100,1,24,2456.609637998554,True,107,TIME_AWARE_PARK,wrist_camera,4.3788350487703624,0.8815015549576023,-69.05254472449316,-80.00000000000001,10.947455275506861,12.016519881659937,9.788315915924036
100,2,24,9.859938001682167,True,0,PARK_ZERO_OFFSET,upper_arm_camera,5.506935558672347,2.482926242780044,0.0,30.0,30.0,45.446628882204756,70.77222201917895
100,2,24,9.859938001682167,True,0,PARK_ZERO_OFFSET,forearm_camera,17.942601659787794,3.76320812772801,0.0,100.0,100.0,65.60169352608456,70.77222201917895
100,2,24,9.859938001682167,True,0,PARK_ZERO_OFFSET,wrist_camera,30.466963459695904,6.552848319598291,0.0,-80.00000000000001,80.00000000000001,87.23611922275722,70.77222201917895
100,2,24,2535.0759159991867,True,111,TIME_AWARE_PARK,upper_arm_camera,0.7125556617624893,0.3380604182064912,25.548709705727283,30.0,4.451290294272714,6.602639245492408,8.878317629003321
100,2,24,2535.0759159991867,True,111,TIME_AWARE_PARK,forearm_camera,1.7698002368419896,0.3621748821398997,89.7647115352895,100.0,10.235288464710502,6.431599559865716,8.878317629003321
100,2,24,2535.0759159991867,True,111,TIME_AWARE_PARK,wrist_camera,4.251893314752363,0.8226736524047569,-69.56981928046758,-80.00000000000001,10.43018071953243,11.816051300055127,8.878317629003321
